# [MS-ERREF] 2.2 Win32 Error Codes, extracted by extract_ms_erref.py --table win32.
# Source: https://learn.microsoft.com/en-us/openspecs/windows_protocols/ms-erref/18d8fbe8-a967-4f1c-ae50-99ca8e491d2d
# Columns: code (hex, no prefix), symbolic name, description.
# Rows are in specification order; a code may carry more than one name.
00000000	ERROR_SUCCESS	The operation completed successfully.
00000000	NERR_Success	The operation completed successfully.
00000001	ERROR_INVALID_FUNCTION	Incorrect function.
00000002	ERROR_FILE_NOT_FOUND	The system cannot find the file specified.
00000003	ERROR_PATH_NOT_FOUND	The system cannot find the path specified.
00000004	ERROR_TOO_MANY_OPEN_FILES	The system cannot open the file.
00000005	ERROR_ACCESS_DENIED	Access is denied.
00000006	ERROR_INVALID_HANDLE	The handle is invalid.
00000007	ERROR_ARENA_TRASHED	The storage control blocks were destroyed.
00000008	ERROR_NOT_ENOUGH_MEMORY	Not enough storage is available to process this command.
00000009	ERROR_INVALID_BLOCK	The storage control block address is invalid.
0000000A	ERROR_BAD_ENVIRONMENT	The environment is incorrect.
0000000B	ERROR_BAD_FORMAT	An attempt was made to load a program with an incorrect format.
0000000C	ERROR_INVALID_ACCESS	The access code is invalid.
0000000D	ERROR_INVALID_DATA	The data is invalid.
0000000E	ERROR_OUTOFMEMORY	Not enough storage is available to complete this operation.
0000000F	ERROR_INVALID_DRIVE	The system cannot find the drive specified.
00000010	ERROR_CURRENT_DIRECTORY	The directory cannot be removed.
00000011	ERROR_NOT_SAME_DEVICE	The system cannot move the file to a different disk drive.
00000012	ERROR_NO_MORE_FILES	There are no more files.
00000013	ERROR_WRITE_PROTECT	The media is write-protected.
00000014	ERROR_BAD_UNIT	The system cannot find the device specified.
00000015	ERROR_NOT_READY	The device is not ready.
00000016	ERROR_BAD_COMMAND	The device does not recognize the command.
00000017	ERROR_CRC	Data error (cyclic redundancy check).
00000018	ERROR_BAD_LENGTH	The program issued a command but the command length is incorrect.
00000019	ERROR_SEEK	The drive cannot locate a specific area or track on the disk.
0000001A	ERROR_NOT_DOS_DISK	The specified disk cannot be accessed.
0000001B	ERROR_SECTOR_NOT_FOUND	The drive cannot find the sector requested.
0000001C	ERROR_OUT_OF_PAPER	The printer is out of paper.
0000001D	ERROR_WRITE_FAULT	The system cannot write to the specified device.
0000001E	ERROR_READ_FAULT	The system cannot read from the specified device.
0000001F	ERROR_GEN_FAILURE	A device attached to the system is not functioning.
00000020	ERROR_SHARING_VIOLATION	The process cannot access the file because it is being used by another process.
00000021	ERROR_LOCK_VIOLATION	The process cannot access the file because another process has locked a portion of the file.
00000022	ERROR_WRONG_DISK	The wrong disk is in the drive. Insert %2 (Volume Serial Number: %3) into drive %1.
00000024	ERROR_SHARING_BUFFER_EXCEEDED	Too many files opened for sharing.
00000026	ERROR_HANDLE_EOF	Reached the end of the file.
00000027	ERROR_HANDLE_DISK_FULL	The disk is full.
00000032	ERROR_NOT_SUPPORTED	The request is not supported.
00000033	ERROR_REM_NOT_LIST	Windows cannot find the network path. Verify that the network path is correct and the destination computer is not busy or turned off. If Windows still cannot find the network path, contact your network administrator.
00000034	ERROR_DUP_NAME	You were not connected because a duplicate name exists on the network. Go to System in Control Panel to change the computer name, and then try again.
00000035	ERROR_BAD_NETPATH	The network path was not found.
00000036	ERROR_NETWORK_BUSY	The network is busy.
00000037	ERROR_DEV_NOT_EXIST	The specified network resource or device is no longer available.
00000038	ERROR_TOO_MANY_CMDS	The network BIOS command limit has been reached.
00000039	ERROR_ADAP_HDW_ERR	A network adapter hardware error occurred.
0000003A	ERROR_BAD_NET_RESP	The specified server cannot perform the requested operation.
0000003B	ERROR_UNEXP_NET_ERR	An unexpected network error occurred.
0000003C	ERROR_BAD_REM_ADAP	The remote adapter is not compatible.
0000003D	ERROR_PRINTQ_FULL	The print queue is full.
0000003E	ERROR_NO_SPOOL_SPACE	Space to store the file waiting to be printed is not available on the server.
0000003F	ERROR_PRINT_CANCELLED	Your file waiting to be printed was deleted.
00000040	ERROR_NETNAME_DELETED	The specified network name is no longer available.
00000041	ERROR_NETWORK_ACCESS_DENIED	Network access is denied.
00000042	ERROR_BAD_DEV_TYPE	The network resource type is not correct.
00000043	ERROR_BAD_NET_NAME	The network name cannot be found.
00000044	ERROR_TOO_MANY_NAMES	The name limit for the local computer network adapter card was exceeded.
00000045	ERROR_TOO_MANY_SESS	The network BIOS session limit was exceeded.
00000046	ERROR_SHARING_PAUSED	The remote server has been paused or is in the process of being started.
00000047	ERROR_REQ_NOT_ACCEP	No more connections can be made to this remote computer at this time because the computer has accepted the maximum number of connections.
00000048	ERROR_REDIR_PAUSED	The specified printer or disk device has been paused.
00000050	ERROR_FILE_EXISTS	The file exists.
00000052	ERROR_CANNOT_MAKE	The directory or file cannot be created.
00000053	ERROR_FAIL_I24	Fail on INT 24.
00000054	ERROR_OUT_OF_STRUCTURES	Storage to process this request is not available.
00000055	ERROR_ALREADY_ASSIGNED	The local device name is already in use.
00000056	ERROR_INVALID_PASSWORD	The specified network password is not correct.
00000057	ERROR_INVALID_PARAMETER	The parameter is incorrect.
00000058	ERROR_NET_WRITE_FAULT	A write fault occurred on the network.
00000059	ERROR_NO_PROC_SLOTS	The system cannot start another process at this time.
00000064	ERROR_TOO_MANY_SEMAPHORES	Cannot create another system semaphore.
00000065	ERROR_EXCL_SEM_ALREADY_OWNED	The exclusive semaphore is owned by another process.
00000066	ERROR_SEM_IS_SET	The semaphore is set and cannot be closed.
00000067	ERROR_TOO_MANY_SEM_REQUESTS	The semaphore cannot be set again.
00000068	ERROR_INVALID_AT_INTERRUPT_TIME	Cannot request exclusive semaphores at interrupt time.
00000069	ERROR_SEM_OWNER_DIED	The previous ownership of this semaphore has ended.
0000006A	ERROR_SEM_USER_LIMIT	Insert the disk for drive %1.
0000006B	ERROR_DISK_CHANGE	The program stopped because an alternate disk was not inserted.
0000006C	ERROR_DRIVE_LOCKED	The disk is in use or locked by another process.
0000006D	ERROR_BROKEN_PIPE	The pipe has been ended.
0000006E	ERROR_OPEN_FAILED	The system cannot open the device or file specified.
0000006F	ERROR_BUFFER_OVERFLOW	The file name is too long.
00000070	ERROR_DISK_FULL	There is not enough space on the disk.
00000071	ERROR_NO_MORE_SEARCH_HANDLES	No more internal file identifiers are available.
00000072	ERROR_INVALID_TARGET_HANDLE	The target internal file identifier is incorrect.
00000075	ERROR_INVALID_CATEGORY	The Input Output Control (IOCTL) call made by the application program is not correct.
00000076	ERROR_INVALID_VERIFY_SWITCH	The verify-on-write switch parameter value is not correct.
00000077	ERROR_BAD_DRIVER_LEVEL	The system does not support the command requested.
00000078	ERROR_CALL_NOT_IMPLEMENTED	This function is not supported on this system.
00000079	ERROR_SEM_TIMEOUT	The semaphore time-out period has expired.
0000007A	ERROR_INSUFFICIENT_BUFFER	The data area passed to a system call is too small.
0000007B	ERROR_INVALID_NAME	The file name, directory name, or volume label syntax is incorrect.
0000007C	ERROR_INVALID_LEVEL	The system call level is not correct.
0000007D	ERROR_NO_VOLUME_LABEL	The disk has no volume label.
0000007E	ERROR_MOD_NOT_FOUND	The specified module could not be found.
0000007F	ERROR_PROC_NOT_FOUND	The specified procedure could not be found.
00000080	ERROR_WAIT_NO_CHILDREN	There are no child processes to wait for.
00000081	ERROR_CHILD_NOT_COMPLETE	The %1 application cannot be run in Win32 mode.
00000082	ERROR_DIRECT_ACCESS_HANDLE	Attempt to use a file handle to an open disk partition for an operation other than raw disk I/O.
00000083	ERROR_NEGATIVE_SEEK	An attempt was made to move the file pointer before the beginning of the file.
00000084	ERROR_SEEK_ON_DEVICE	The file pointer cannot be set on the specified device or file.
00000085	ERROR_IS_JOIN_TARGET	A JOIN or SUBST command cannot be used for a drive that contains previously joined drives.
00000086	ERROR_IS_JOINED	An attempt was made to use a JOIN or SUBST command on a drive that has already been joined.
00000087	ERROR_IS_SUBSTED	An attempt was made to use a JOIN or SUBST command on a drive that has already been substituted.
00000088	ERROR_NOT_JOINED	The system tried to delete the JOIN of a drive that is not joined.
00000089	ERROR_NOT_SUBSTED	The system tried to delete the substitution of a drive that is not substituted.
0000008A	ERROR_JOIN_TO_JOIN	The system tried to join a drive to a directory on a joined drive.
0000008B	ERROR_SUBST_TO_SUBST	The system tried to substitute a drive to a directory on a substituted drive.
0000008C	ERROR_JOIN_TO_SUBST	The system tried to join a drive to a directory on a substituted drive.
0000008D	ERROR_SUBST_TO_JOIN	The system tried to SUBST a drive to a directory on a joined drive.
0000008E	ERROR_BUSY_DRIVE	The system cannot perform a JOIN or SUBST at this time.
0000008F	ERROR_SAME_DRIVE	The system cannot join or substitute a drive to or for a directory on the same drive.
00000090	ERROR_DIR_NOT_ROOT	The directory is not a subdirectory of the root directory.
00000091	ERROR_DIR_NOT_EMPTY	The directory is not empty.
00000092	ERROR_IS_SUBST_PATH	The path specified is being used in a substitute.
00000093	ERROR_IS_JOIN_PATH	Not enough resources are available to process this command.
00000094	ERROR_PATH_BUSY	The path specified cannot be used at this time.
00000095	ERROR_IS_SUBST_TARGET	An attempt was made to join or substitute a drive for which a directory on the drive is the target of a previous substitute.
00000096	ERROR_SYSTEM_TRACE	System trace information was not specified in your CONFIG.SYS file, or tracing is disallowed.
00000097	ERROR_INVALID_EVENT_COUNT	The number of specified semaphore events for DosMuxSemWait is not correct.
00000098	ERROR_TOO_MANY_MUXWAITERS	DosMuxSemWait did not execute; too many semaphores are already set.
00000099	ERROR_INVALID_LIST_FORMAT	The DosMuxSemWait list is not correct.
0000009A	ERROR_LABEL_TOO_LONG	The volume label you entered exceeds the label character limit of the destination file system.
0000009B	ERROR_TOO_MANY_TCBS	Cannot create another thread.
0000009C	ERROR_SIGNAL_REFUSED	The recipient process has refused the signal.
0000009D	ERROR_DISCARDED	The segment is already discarded and cannot be locked.
0000009E	ERROR_NOT_LOCKED	The segment is already unlocked.
0000009F	ERROR_BAD_THREADID_ADDR	The address for the thread ID is not correct.
000000A0	ERROR_BAD_ARGUMENTS	One or more arguments are not correct.
000000A1	ERROR_BAD_PATHNAME	The specified path is invalid.
000000A2	ERROR_SIGNAL_PENDING	A signal is already pending.
000000A4	ERROR_MAX_THRDS_REACHED	No more threads can be created in the system.
000000A7	ERROR_LOCK_FAILED	Unable to lock a region of a file.
000000AA	ERROR_BUSY	The requested resource is in use.
000000AD	ERROR_CANCEL_VIOLATION	A lock request was not outstanding for the supplied cancel region.
000000AE	ERROR_ATOMIC_LOCKS_NOT_SUPPORTED	The file system does not support atomic changes to the lock type.
000000B4	ERROR_INVALID_SEGMENT_NUMBER	The system detected a segment number that was not correct.
000000B6	ERROR_INVALID_ORDINAL	The operating system cannot run %1.
000000B7	ERROR_ALREADY_EXISTS	Cannot create a file when that file already exists.
000000BA	ERROR_INVALID_FLAG_NUMBER	The flag passed is not correct.
000000BB	ERROR_SEM_NOT_FOUND	The specified system semaphore name was not found.
000000BC	ERROR_INVALID_STARTING_CODESEG	The operating system cannot run %1.
000000BD	ERROR_INVALID_STACKSEG	The operating system cannot run %1.
000000BE	ERROR_INVALID_MODULETYPE	The operating system cannot run %1.
000000BF	ERROR_INVALID_EXE_SIGNATURE	Cannot run %1 in Win32 mode.
000000C0	ERROR_EXE_MARKED_INVALID	The operating system cannot run %1.
000000C1	ERROR_BAD_EXE_FORMAT	%1 is not a valid Win32 application.
000000C2	ERROR_ITERATED_DATA_EXCEEDS_64k	The operating system cannot run %1.
000000C3	ERROR_INVALID_MINALLOCSIZE	The operating system cannot run %1.
000000C4	ERROR_DYNLINK_FROM_INVALID_RING	The operating system cannot run this application program.
000000C5	ERROR_IOPL_NOT_ENABLED	The operating system is not presently configured to run this application.
000000C6	ERROR_INVALID_SEGDPL	The operating system cannot run %1.
000000C7	ERROR_AUTODATASEG_EXCEEDS_64k	The operating system cannot run this application program.
000000C8	ERROR_RING2SEG_MUST_BE_MOVABLE	The code segment cannot be greater than or equal to 64 KB.
000000C9	ERROR_RELOC_CHAIN_XEEDS_SEGLIM	The operating system cannot run %1.
000000CA	ERROR_INFLOOP_IN_RELOC_CHAIN	The operating system cannot run %1.
000000CB	ERROR_ENVVAR_NOT_FOUND	The system could not find the environment option that was entered.
000000CD	ERROR_NO_SIGNAL_SENT	No process in the command subtree has a signal handler.
000000CE	ERROR_FILENAME_EXCED_RANGE	The file name or extension is too long.
000000CF	ERROR_RING2_STACK_IN_USE	The ring 2 stack is in use.
000000D0	ERROR_META_EXPANSION_TOO_LONG	The asterisk (*) or question mark (?) global file name characters are entered incorrectly, or too many global file name characters are specified.
000000D1	ERROR_INVALID_SIGNAL_NUMBER	The signal being posted is not correct.
000000D2	ERROR_THREAD_1_INACTIVE	The signal handler cannot be set.
000000D4	ERROR_LOCKED	The segment is locked and cannot be reallocated.
000000D6	ERROR_TOO_MANY_MODULES	Too many dynamic-link modules are attached to this program or dynamic-link module.
000000D7	ERROR_NESTING_NOT_ALLOWED	Cannot nest calls to LoadModule.
000000D8	ERROR_EXE_MACHINE_TYPE_MISMATCH	This version of %1 is not compatible with the version of Windows you're running. Check your computer's system information to see whether you need an x86 (32-bit) or x64 (64-bit) version of the program, and then contact the software publisher.
000000D9	ERROR_EXE_CANNOT_MODIFY_SIGNED_BINARY	The image file %1 is signed, unable to modify.
000000DA	ERROR_EXE_CANNOT_MODIFY_STRONG_SIGNED_BINARY	The image file %1 is strong signed, unable to modify.
000000DC	ERROR_FILE_CHECKED_OUT	This file is checked out or locked for editing by another user.
000000DD	ERROR_CHECKOUT_REQUIRED	The file must be checked out before saving changes.
000000DE	ERROR_BAD_FILE_TYPE	The file type being saved or retrieved has been blocked.
000000DF	ERROR_FILE_TOO_LARGE	The file size exceeds the limit allowed and cannot be saved.
000000E0	ERROR_FORMS_AUTH_REQUIRED	Access denied. Before opening files in this location, you must first browse to the website and select the option to sign in automatically.
000000E1	ERROR_VIRUS_INFECTED	Operation did not complete successfully because the file contains a virus.
000000E2	ERROR_VIRUS_DELETED	This file contains a virus and cannot be opened. Due to the nature of this virus, the file has been removed from this location.
000000E5	ERROR_PIPE_LOCAL	The pipe is local.
000000E6	ERROR_BAD_PIPE	The pipe state is invalid.
000000E7	ERROR_PIPE_BUSY	All pipe instances are busy.
000000E8	ERROR_NO_DATA	The pipe is being closed.
000000E9	ERROR_PIPE_NOT_CONNECTED	No process is on the other end of the pipe.
000000EA	ERROR_MORE_DATA	More data is available.
000000F0	ERROR_VC_DISCONNECTED	The session was canceled.
000000FE	ERROR_INVALID_EA_NAME	The specified extended attribute name was invalid.
000000FF	ERROR_EA_LIST_INCONSISTENT	The extended attributes are inconsistent.
00000102	WAIT_TIMEOUT	The wait operation timed out.
00000103	ERROR_NO_MORE_ITEMS	No more data is available.
0000010A	ERROR_CANNOT_COPY	The copy functions cannot be used.
0000010B	ERROR_DIRECTORY	The directory name is invalid.
00000113	ERROR_EAS_DIDNT_FIT	The extended attributes did not fit in the buffer.
00000114	ERROR_EA_FILE_CORRUPT	The extended attribute file on the mounted file system is corrupt.
00000115	ERROR_EA_TABLE_FULL	The extended attribute table file is full.
00000116	ERROR_INVALID_EA_HANDLE	The specified extended attribute handle is invalid.
0000011A	ERROR_EAS_NOT_SUPPORTED	The mounted file system does not support extended attributes.
00000120	ERROR_NOT_OWNER	Attempt to release mutex not owned by caller.
0000012A	ERROR_TOO_MANY_POSTS	Too many posts were made to a semaphore.
0000012B	ERROR_PARTIAL_COPY	Only part of a ReadProcessMemory or WriteProcessMemory request was completed.
0000012C	ERROR_OPLOCK_NOT_GRANTED	The oplock request is denied.
0000012D	ERROR_INVALID_OPLOCK_PROTOCOL	An invalid oplock acknowledgment was received by the system.
0000012E	ERROR_DISK_TOO_FRAGMENTED	The volume is too fragmented to complete this operation.
0000012F	ERROR_DELETE_PENDING	The file cannot be opened because it is in the process of being deleted.
0000013D	ERROR_MR_MID_NOT_FOUND	The system cannot find message text for message number 0x%1 in the message file for %2.
0000013E	ERROR_SCOPE_NOT_FOUND	The scope specified was not found.
0000015E	ERROR_FAIL_NOACTION_REBOOT	No action was taken because a system reboot is required.
0000015F	ERROR_FAIL_SHUTDOWN	The shutdown operation failed.
00000160	ERROR_FAIL_RESTART	The restart operation failed.
00000161	ERROR_MAX_SESSIONS_REACHED	The maximum number of sessions has been reached.
00000190	ERROR_THREAD_MODE_ALREADY_BACKGROUND	The thread is already in background processing mode.
00000191	ERROR_THREAD_MODE_NOT_BACKGROUND	The thread is not in background processing mode.
00000192	ERROR_PROCESS_MODE_ALREADY_BACKGROUND	The process is already in background processing mode.
00000193	ERROR_PROCESS_MODE_NOT_BACKGROUND	The process is not in background processing mode.
000001E7	ERROR_INVALID_ADDRESS	Attempt to access invalid address.
000001F4	ERROR_USER_PROFILE_LOAD	User profile cannot be loaded.
00000216	ERROR_ARITHMETIC_OVERFLOW	Arithmetic result exceeded 32 bits.
00000217	ERROR_PIPE_CONNECTED	There is a process on the other end of the pipe.
00000218	ERROR_PIPE_LISTENING	Waiting for a process to open the other end of the pipe.
00000219	ERROR_VERIFIER_STOP	Application verifier has found an error in the current process.
0000021A	ERROR_ABIOS_ERROR	An error occurred in the ABIOS subsystem.
0000021B	ERROR_WX86_WARNING	A warning occurred in the WX86 subsystem.
0000021C	ERROR_WX86_ERROR	An error occurred in the WX86 subsystem.
0000021D	ERROR_TIMER_NOT_CANCELED	An attempt was made to cancel or set a timer that has an associated asynchronous procedure call (APC) and the subject thread is not the thread that originally set the timer with an associated APC routine.
0000021E	ERROR_UNWIND	Unwind exception code.
0000021F	ERROR_BAD_STACK	An invalid or unaligned stack was encountered during an unwind operation.
00000220	ERROR_INVALID_UNWIND_TARGET	An invalid unwind target was encountered during an unwind operation.
00000221	ERROR_INVALID_PORT_ATTRIBUTES	Invalid object attributes specified to NtCreatePort or invalid port attributes specified to NtConnectPort.
00000222	ERROR_PORT_MESSAGE_TOO_LONG	Length of message passed to NtRequestPort or NtRequestWaitReplyPort was longer than the maximum message allowed by the port.
00000223	ERROR_INVALID_QUOTA_LOWER	An attempt was made to lower a quota limit below the current usage.
00000224	ERROR_DEVICE_ALREADY_ATTACHED	An attempt was made to attach to a device that was already attached to another device.
00000225	ERROR_INSTRUCTION_MISALIGNMENT	An attempt was made to execute an instruction at an unaligned address, and the host system does not support unaligned instruction references.
00000226	ERROR_PROFILING_NOT_STARTED	Profiling not started.
00000227	ERROR_PROFILING_NOT_STOPPED	Profiling not stopped.
00000228	ERROR_COULD_NOT_INTERPRET	The passed ACL did not contain the minimum required information.
00000229	ERROR_PROFILING_AT_LIMIT	The number of active profiling objects is at the maximum and no more can be started.
0000022A	ERROR_CANT_WAIT	Used to indicate that an operation cannot continue without blocking for I/O.
0000022B	ERROR_CANT_TERMINATE_SELF	Indicates that a thread attempted to terminate itself by default (called NtTerminateThread with NULL) and it was the last thread in the current process.
0000022C	ERROR_UNEXPECTED_MM_CREATE_ERR	If an MM error is returned that is not defined in the standard FsRtl filter, it is converted to one of the following errors that is guaranteed to be in the filter. In this case, information is lost; however, the filter correctly handles the exception.
0000022D	ERROR_UNEXPECTED_MM_MAP_ERROR	If an MM error is returned that is not defined in the standard FsRtl filter, it is converted to one of the following errors that is guaranteed to be in the filter. In this case, information is lost; however, the filter correctly handles the exception.
0000022E	ERROR_UNEXPECTED_MM_EXTEND_ERR	If an MM error is returned that is not defined in the standard FsRtl filter, it is converted to one of the following errors that is guaranteed to be in the filter. In this case, information is lost; however, the filter correctly handles the exception.
0000022F	ERROR_BAD_FUNCTION_TABLE	A malformed function table was encountered during an unwind operation.
00000230	ERROR_NO_GUID_TRANSLATION	Indicates that an attempt was made to assign protection to a file system file or directory and one of the SIDs in the security descriptor could not be translated into a GUID that could be stored by the file system. This causes the protection attempt to fail, which might cause a file creation attempt to fail.
00000231	ERROR_INVALID_LDT_SIZE	Indicates that an attempt was made to grow a local domain table (LDT) by setting its size, or that the size was not an even number of selectors.
00000233	ERROR_INVALID_LDT_OFFSET	Indicates that the starting value for the LDT information was not an integral multiple of the selector size.
00000234	ERROR_INVALID_LDT_DESCRIPTOR	Indicates that the user supplied an invalid descriptor when trying to set up LDT descriptors.
00000235	ERROR_TOO_MANY_THREADS	Indicates a process has too many threads to perform the requested action. For example, assignment of a primary token can be performed only when a process has zero or one threads.
00000236	ERROR_THREAD_NOT_IN_PROCESS	An attempt was made to operate on a thread within a specific process, but the thread specified is not in the process specified.
00000237	ERROR_PAGEFILE_QUOTA_EXCEEDED	Page file quota was exceeded.
00000238	ERROR_LOGON_SERVER_CONFLICT	The Netlogon service cannot start because another Netlogon service running in the domain conflicts with the specified role.
00000239	ERROR_SYNCHRONIZATION_REQUIRED	On applicable Windows Server releases, the Security Accounts Manager (SAM) database is significantly out of synchronization with the copy on the domain controller. A complete synchronization is required.
0000023A	ERROR_NET_OPEN_FAILED	The NtCreateFile API failed. This error should never be returned to an application, it is a place holder for the Windows LAN Manager Redirector to use in its internal error mapping routines.
0000023B	ERROR_IO_PRIVILEGE_FAILED	{Privilege Failed} The I/O permissions for the process could not be changed.
0000023C	ERROR_CONTROL_C_EXIT	{Application Exit by CTRL+C} The application terminated as a result of a CTRL+C.
0000023D	ERROR_MISSING_SYSTEMFILE	{Missing System File} The required system file %hs is bad or missing.
0000023E	ERROR_UNHANDLED_EXCEPTION	{Application Error} The exception %s (0x%08lx) occurred in the application at location 0x%08lx.
0000023F	ERROR_APP_INIT_FAILURE	{Application Error} The application failed to initialize properly (0x%lx). Click OK to terminate the application.
00000240	ERROR_PAGEFILE_CREATE_FAILED	{Unable to Create Paging File} The creation of the paging file %hs failed (%lx). The requested size was %ld.
00000241	ERROR_INVALID_IMAGE_HASH	The hash for the image cannot be found in the system catalogs. The image is likely corrupt or the victim of tampering.
00000242	ERROR_NO_PAGEFILE	{No Paging File Specified} No paging file was specified in the system configuration.
00000243	ERROR_ILLEGAL_FLOAT_CONTEXT	{EXCEPTION} A real-mode application issued a floating-point instruction, and floating-point hardware is not present.
00000244	ERROR_NO_EVENT_PAIR	An event pair synchronization operation was performed using the thread-specific client/server event pair object, but no event pair object was associated with the thread.
00000245	ERROR_DOMAIN_CTRLR_CONFIG_ERROR	A domain server has an incorrect configuration.
00000246	ERROR_ILLEGAL_CHARACTER	An illegal character was encountered. For a multibyte character set, this includes a lead byte without a succeeding trail byte. For the Unicode character set, this includes the characters 0xFFFF and 0xFFFE.
00000247	ERROR_UNDEFINED_CHARACTER	The Unicode character is not defined in the Unicode character set installed on the system.
00000248	ERROR_FLOPPY_VOLUME	The paging file cannot be created on a floppy disk.
00000249	ERROR_BIOS_FAILED_TO_CONNECT_INTERRUPT	The system bios failed to connect a system interrupt to the device or bus for which the device is connected.
0000024A	ERROR_BACKUP_CONTROLLER	This operation is only allowed for the primary domain controller (PDC) of the domain.
0000024B	ERROR_MUTANT_LIMIT_EXCEEDED	An attempt was made to acquire a mutant such that its maximum count would have been exceeded.
0000024C	ERROR_FS_DRIVER_REQUIRED	A volume has been accessed for which a file system driver is required that has not yet been loaded.
0000024D	ERROR_CANNOT_LOAD_REGISTRY_FILE	{Registry File Failure} The registry cannot load the hive (file): %hs or its log or alternate. It is corrupt, absent, or not writable.
0000024E	ERROR_DEBUG_ATTACH_FAILED	{Unexpected Failure in DebugActiveProcess} An unexpected failure occurred while processing a DebugActiveProcess API request. Choosing OK will terminate the process, and choosing Cancel will ignore the error.
0000024F	ERROR_SYSTEM_PROCESS_TERMINATED	{Fatal System Error} The %hs system process terminated unexpectedly with a status of 0x%08x (0x%08x 0x%08x). The system has been shut down.
00000250	ERROR_DATA_NOT_ACCEPTED	{Data Not Accepted} The transport driver interface (TDI) client could not handle the data received during an indication.
00000251	ERROR_VDM_HARD_ERROR	The NT Virtual DOS Machine (NTVDM) encountered a hard error.
00000252	ERROR_DRIVER_CANCEL_TIMEOUT	{Cancel Timeout} The driver %hs failed to complete a canceled I/O request in the allotted time.
00000253	ERROR_REPLY_MESSAGE_MISMATCH	{Reply Message Mismatch} An attempt was made to reply to a local procedure call (LPC) message, but the thread specified by the client ID in the message was not waiting on that message.
00000254	ERROR_LOST_WRITEBEHIND_DATA	{Delayed Write Failed} Windows was unable to save all the data for the file %hs. The data has been lost. This error might be caused by a failure of your computer hardware or network connection. Try to save this file elsewhere.
00000255	ERROR_CLIENT_SERVER_PARAMETERS_INVALID	The parameters passed to the server in the client/server shared memory window were invalid. Too much data might have been put in the shared memory window.
00000256	ERROR_NOT_TINY_STREAM	The stream is not a tiny stream.
00000257	ERROR_STACK_OVERFLOW_READ	The request must be handled by the stack overflow code.
00000258	ERROR_CONVERT_TO_LARGE	Internal OFS status codes indicating how an allocation operation is handled. Either it is retried after the containing onode is moved or the extent stream is converted to a large stream.
00000259	ERROR_FOUND_OUT_OF_SCOPE	The attempt to find the object found an object matching by ID on the volume but it is out of the scope of the handle used for the operation.
0000025A	ERROR_ALLOCATE_BUCKET	The bucket array must be grown. Retry transaction after doing so.
0000025B	ERROR_MARSHALL_OVERFLOW	The user/kernel marshaling buffer has overflowed.
0000025C	ERROR_INVALID_VARIANT	The supplied variant structure contains invalid data.
0000025D	ERROR_BAD_COMPRESSION_BUFFER	The specified buffer contains ill-formed data.
0000025E	ERROR_AUDIT_FAILED	{Audit Failed} An attempt to generate a security audit failed.
0000025F	ERROR_TIMER_RESOLUTION_NOT_SET	The timer resolution was not previously set by the current process.
00000260	ERROR_INSUFFICIENT_LOGON_INFO	There is insufficient account information to log you on.
00000261	ERROR_BAD_DLL_ENTRYPOINT	{Invalid DLL Entrypoint} The dynamic link library %hs is not written correctly. The stack pointer has been left in an inconsistent state. The entry point should be declared as WINAPI or STDCALL. Select YES to fail the DLL load. Select NO to continue execution. Selecting NO can cause the application to operate incorrectly.
00000262	ERROR_BAD_SERVICE_ENTRYPOINT	{Invalid Service Callback Entrypoint} The %hs service is not written correctly. The stack pointer has been left in an inconsistent state. The callback entry point should be declared as WINAPI or STDCALL. Selecting OK will cause the service to continue operation. However, the service process might operate incorrectly.
00000263	ERROR_IP_ADDRESS_CONFLICT1	There is an IP address conflict with another system on the network.
00000264	ERROR_IP_ADDRESS_CONFLICT2	There is an IP address conflict with another system on the network.
00000265	ERROR_REGISTRY_QUOTA_LIMIT	{Low On Registry Space} The system has reached the maximum size allowed for the system part of the registry. Additional storage requests will be ignored.
00000266	ERROR_NO_CALLBACK_ACTIVE	A callback return system service cannot be executed when no callback is active.
00000267	ERROR_PWD_TOO_SHORT	The password provided is too short to meet the policy of your user account. Choose a longer password.
00000268	ERROR_PWD_TOO_RECENT	The policy of your user account does not allow you to change passwords too frequently. This is done to prevent users from changing back to a familiar, but potentially discovered, password. If you feel your password has been compromised, contact your administrator immediately to have a new one assigned.
00000269	ERROR_PWD_HISTORY_CONFLICT	You have attempted to change your password to one that you have used in the past. The policy of your user account does not allow this. Select a password that you have not previously used.
0000026A	ERROR_UNSUPPORTED_COMPRESSION	The specified compression format is unsupported.
0000026B	ERROR_INVALID_HW_PROFILE	The specified hardware profile configuration is invalid.
0000026C	ERROR_INVALID_PLUGPLAY_DEVICE_PATH	The specified Plug and Play registry device path is invalid.
0000026D	ERROR_QUOTA_LIST_INCONSISTENT	The specified quota list is internally inconsistent with its descriptor.
0000026E	ERROR_EVALUATION_EXPIRATION	{Windows Evaluation Notification} The evaluation period for this installation of Windows has expired. This system will shut down in 1 hour. To restore access to this installation of Windows, upgrade this installation using a licensed distribution of this product.
0000026F	ERROR_ILLEGAL_DLL_RELOCATION	{Illegal System DLL Relocation} The system DLL %hs was relocated in memory. The application will not run properly. The relocation occurred because the DLL %hs occupied an address range reserved for Windows system DLLs. The vendor supplying the DLL should be contacted for a new DLL.
00000270	ERROR_DLL_INIT_FAILED_LOGOFF	{DLL Initialization Failed} The application failed to initialize because the window station is shutting down.
00000271	ERROR_VALIDATE_CONTINUE	The validation process needs to continue on to the next step.
00000272	ERROR_NO_MORE_MATCHES	There are no more matches for the current index enumeration.
00000273	ERROR_RANGE_LIST_CONFLICT	The range could not be added to the range list because of a conflict.
00000274	ERROR_SERVER_SID_MISMATCH	The server process is running under a SID different than that required by the client.
00000275	ERROR_CANT_ENABLE_DENY_ONLY	A group marked use for deny only cannot be enabled.
00000276	ERROR_FLOAT_MULTIPLE_FAULTS	{EXCEPTION} Multiple floating point faults.
00000277	ERROR_FLOAT_MULTIPLE_TRAPS	{EXCEPTION} Multiple floating point traps.
00000278	ERROR_NOINTERFACE	The requested interface is not supported.
00000279	ERROR_DRIVER_FAILED_SLEEP	{System Standby Failed} The driver %hs does not support standby mode. Updating this driver might allow the system to go to standby mode.
0000027A	ERROR_CORRUPT_SYSTEM_FILE	The system file %1 has become corrupt and has been replaced.
0000027B	ERROR_COMMITMENT_MINIMUM	{Virtual Memory Minimum Too Low} Your system is low on virtual memory. Windows is increasing the size of your virtual memory paging file. During this process, memory requests for some applications might be denied. For more information, see Help.
0000027C	ERROR_PNP_RESTART_ENUMERATION	A device was removed so enumeration must be restarted.
0000027D	ERROR_SYSTEM_IMAGE_BAD_SIGNATURE	{Fatal System Error} The system image %s is not properly signed. The file has been replaced with the signed file. The system has been shut down.
0000027E	ERROR_PNP_REBOOT_REQUIRED	Device will not start without a reboot.
0000027F	ERROR_INSUFFICIENT_POWER	There is not enough power to complete the requested operation.
00000281	ERROR_SYSTEM_SHUTDOWN	The system is in the process of shutting down.
00000282	ERROR_PORT_NOT_SET	An attempt to remove a process DebugPort was made, but a port was not already associated with the process.
00000283	ERROR_DS_VERSION_CHECK_FAILURE	This version of Windows is not compatible with the behavior version of directory forest, domain, or domain controller.
00000284	ERROR_RANGE_NOT_FOUND	The specified range could not be found in the range list.
00000286	ERROR_NOT_SAFE_MODE_DRIVER	The driver was not loaded because the system is booting into safe mode.
00000287	ERROR_FAILED_DRIVER_ENTRY	The driver was not loaded because it failed its initialization call.
00000288	ERROR_DEVICE_ENUMERATION_ERROR	The device encountered an error while applying power or reading the device configuration. This might be caused by a failure of your hardware or by a poor connection.
00000289	ERROR_MOUNT_POINT_NOT_RESOLVED	The create operation failed because the name contained at least one mount point that resolves to a volume to which the specified device object is not attached.
0000028A	ERROR_INVALID_DEVICE_OBJECT_PARAMETER	The device object parameter is either not a valid device object or is not attached to the volume specified by the file name.
0000028B	ERROR_MCA_OCCURED	A machine check error has occurred. Check the system event log for additional information.
0000028C	ERROR_DRIVER_DATABASE_ERROR	There was an error [%2] processing the driver database.
0000028D	ERROR_SYSTEM_HIVE_TOO_LARGE	The system hive size has exceeded its limit.
0000028E	ERROR_DRIVER_FAILED_PRIOR_UNLOAD	The driver could not be loaded because a previous version of the driver is still in memory.
0000028F	ERROR_VOLSNAP_PREPARE_HIBERNATE	{Volume Shadow Copy Service} Wait while the Volume Shadow Copy Service prepares volume %hs for hibernation.
00000290	ERROR_HIBERNATION_FAILURE	The system has failed to hibernate (the error code is %hs). Hibernation will be disabled until the system is restarted.
00000299	ERROR_FILE_SYSTEM_LIMITATION	The requested operation could not be completed due to a file system limitation.
0000029C	ERROR_ASSERTION_FAILURE	An assertion failure has occurred.
0000029D	ERROR_ACPI_ERROR	An error occurred in the Advanced Configuration and Power Interface (ACPI) subsystem.
0000029E	ERROR_WOW_ASSERTION	WOW assertion error.
0000029F	ERROR_PNP_BAD_MPS_TABLE	A device is missing in the system BIOS MultiProcessor Specification (MPS) table. This device will not be used. Contact your system vendor for system BIOS update.
000002A0	ERROR_PNP_TRANSLATION_FAILED	A translator failed to translate resources.
000002A1	ERROR_PNP_IRQ_TRANSLATION_FAILED	An interrupt request (IRQ) translator failed to translate resources.
000002A2	ERROR_PNP_INVALID_ID	Driver %2 returned invalid ID for a child device (%3).
000002A3	ERROR_WAKE_SYSTEM_DEBUGGER	{Kernel Debugger Awakened} the system debugger was awakened by an interrupt.
000002A4	ERROR_HANDLES_CLOSED	{Handles Closed} Handles to objects have been automatically closed because of the requested operation.
000002A5	ERROR_EXTRANEOUS_INFORMATION	{Too Much Information} The specified ACL contained more information than was expected.
000002A6	ERROR_RXACT_COMMIT_NECESSARY	This warning level status indicates that the transaction state already exists for the registry subtree, but that a transaction commit was previously aborted. The commit has NOT been completed, but it has not been rolled back either (so it can still be committed if desired).
000002A7	ERROR_MEDIA_CHECK	{Media Changed} The media might have changed.
000002A8	ERROR_GUID_SUBSTITUTION_MADE	{GUID Substitution} During the translation of a GUID to a Windows SID, no administratively defined GUID prefix was found. A substitute prefix was used, which will not compromise system security. However, this might provide more restrictive access than intended.
000002A9	ERROR_STOPPED_ON_SYMLINK	The create operation stopped after reaching a symbolic link.
000002AA	ERROR_LONGJUMP	A long jump has been executed.
000002AB	ERROR_PLUGPLAY_QUERY_VETOED	The Plug and Play query operation was not successful.
000002AC	ERROR_UNWIND_CONSOLIDATE	A frame consolidation has been executed.
000002AD	ERROR_REGISTRY_HIVE_RECOVERED	{Registry Hive Recovered} Registry hive (file): %hs was corrupted and it has been recovered. Some data might have been lost.
000002AE	ERROR_DLL_MIGHT_BE_INSECURE	The application is attempting to run executable code from the module %hs. This might be insecure. An alternative, %hs, is available. Should the application use the secure module %hs?
000002AF	ERROR_DLL_MIGHT_BE_INCOMPATIBLE	The application is loading executable code from the module %hs. This is secure, but might be incompatible with previous releases of the operating system. An alternative, %hs, is available. Should the application use the secure module %hs?
000002B0	ERROR_DBG_EXCEPTION_NOT_HANDLED	Debugger did not handle the exception.
000002B1	ERROR_DBG_REPLY_LATER	Debugger will reply later.
000002B2	ERROR_DBG_UNABLE_TO_PROVIDE_HANDLE	Debugger cannot provide handle.
000002B3	ERROR_DBG_TERMINATE_THREAD	Debugger terminated thread.
000002B4	ERROR_DBG_TERMINATE_PROCESS	Debugger terminated process.
000002B5	ERROR_DBG_CONTROL_C	Debugger got control C.
000002B6	ERROR_DBG_PRINTEXCEPTION_C	Debugger printed exception on control C.
000002B7	ERROR_DBG_RIPEXCEPTION	Debugger received Routing Information Protocol (RIP) exception.
000002B8	ERROR_DBG_CONTROL_BREAK	Debugger received control break.
000002B9	ERROR_DBG_COMMAND_EXCEPTION	Debugger command communication exception.
000002BA	ERROR_OBJECT_NAME_EXISTS	{Object Exists} An attempt was made to create an object and the object name already existed.
000002BB	ERROR_THREAD_WAS_SUSPENDED	{Thread Suspended} A thread termination occurred while the thread was suspended. The thread was resumed and termination proceeded.
000002BC	ERROR_IMAGE_NOT_AT_BASE	{Image Relocated} An image file could not be mapped at the address specified in the image file. Local fixes must be performed on this image.
000002BD	ERROR_RXACT_STATE_CREATED	This informational level status indicates that a specified registry subtree transaction state did not yet exist and had to be created.
000002BE	ERROR_SEGMENT_NOTIFICATION	{Segment Load} A virtual DOS machine (VDM) is loading, unloading, or moving an MS-DOS or Win16 program segment image. An exception is raised so a debugger can load, unload, or track symbols and breakpoints within these 16-bit segments.
000002BF	ERROR_BAD_CURRENT_DIRECTORY	{Invalid Current Directory} The process cannot switch to the startup current directory %hs. Select OK to set current directory to %hs, or select CANCEL to exit.
000002C0	ERROR_FT_READ_RECOVERY_FROM_BACKUP	{Redundant Read} To satisfy a read request, the NT fault-tolerant file system successfully read the requested data from a redundant copy. This was done because the file system encountered a failure on a member of the fault-tolerant volume, but it was unable to reassign the failing area of the device.
000002C1	ERROR_FT_WRITE_RECOVERY	{Redundant Write} To satisfy a write request, the Windows NT operating system fault-tolerant file system successfully wrote a redundant copy of the information. This was done because the file system encountered a failure on a member of the fault-tolerant volume, but it was not able to reassign the failing area of the device.
000002C2	ERROR_IMAGE_MACHINE_TYPE_MISMATCH	{Machine Type Mismatch} The image file %hs is valid, but is for a machine type other than the current machine. Select OK to continue, or CANCEL to fail the DLL load.
000002C3	ERROR_RECEIVE_PARTIAL	{Partial Data Received} The network transport returned partial data to its client. The remaining data will be sent later.
000002C4	ERROR_RECEIVE_EXPEDITED	{Expedited Data Received} The network transport returned data to its client that was marked as expedited by the remote system.
000002C5	ERROR_RECEIVE_PARTIAL_EXPEDITED	{Partial Expedited Data Received} The network transport returned partial data to its client and this data was marked as expedited by the remote system. The remaining data will be sent later.
000002C6	ERROR_EVENT_DONE	{TDI Event Done} The TDI indication has completed successfully.
000002C7	ERROR_EVENT_PENDING	{TDI Event Pending} The TDI indication has entered the pending state.
000002C8	ERROR_CHECKING_FILE_SYSTEM	Checking file system on %wZ.
000002C9	ERROR_FATAL_APP_EXIT	{Fatal Application Exit} %hs.
000002CA	ERROR_PREDEFINED_HANDLE	The specified registry key is referenced by a predefined handle.
000002CB	ERROR_WAS_UNLOCKED	{Page Unlocked} The page protection of a locked page was changed to 'No Access' and the page was unlocked from memory and from the process.
000002CD	ERROR_WAS_LOCKED	{Page Locked} One of the pages to lock was already locked.
000002CF	ERROR_ALREADY_WIN32	The value already corresponds with a Win 32 error code.
000002D0	ERROR_IMAGE_MACHINE_TYPE_MISMATCH_EXE	{Machine Type Mismatch} The image file %hs is valid, but is for a machine type other than the current machine.
000002D1	ERROR_NO_YIELD_PERFORMED	A yield execution was performed and no thread was available to run.
000002D2	ERROR_TIMER_RESUME_IGNORED	The resume flag to a timer API was ignored.
000002D3	ERROR_ARBITRATION_UNHANDLED	The arbiter has deferred arbitration of these resources to its parent.
000002D4	ERROR_CARDBUS_NOT_SUPPORTED	The inserted CardBus device cannot be started because of a configuration error on %hs"."
000002D5	ERROR_MP_PROCESSOR_MISMATCH	The CPUs in this multiprocessor system are not all the same revision level. To use all processors the operating system restricts itself to the features of the least capable processor in the system. If problems occur with this system, contact the CPU manufacturer to see if this mix of processors is supported.
000002D6	ERROR_HIBERNATED	The system was put into hibernation.
000002D7	ERROR_RESUME_HIBERNATION	The system was resumed from hibernation.
000002D8	ERROR_FIRMWARE_UPDATED	Windows has detected that the system firmware (BIOS) was updated (previous firmware date = %2, current firmware date %3).
000002D9	ERROR_DRIVERS_LEAKING_LOCKED_PAGES	A device driver is leaking locked I/O pages, causing system degradation. The system has automatically enabled a tracking code to try and catch the culprit.
000002DA	ERROR_WAKE_SYSTEM	The system has awoken.
000002DF	ERROR_ABANDONED_WAIT_0	The call failed because the handle associated with it was closed.
000002E4	ERROR_ELEVATION_REQUIRED	The requested operation requires elevation.
000002E5	ERROR_REPARSE	A reparse should be performed by the object manager because the name of the file resulted in a symbolic link.
000002E6	ERROR_OPLOCK_BREAK_IN_PROGRESS	An open/create operation completed while an oplock break is underway.
000002E7	ERROR_VOLUME_MOUNTED	A new volume has been mounted by a file system.
000002E8	ERROR_RXACT_COMMITTED	This success level status indicates that the transaction state already exists for the registry subtree, but that a transaction commit was previously aborted. The commit has now been completed.
000002E9	ERROR_NOTIFY_CLEANUP	This indicates that a notify change request has been completed due to closing the handle which made the notify change request.
000002EA	ERROR_PRIMARY_TRANSPORT_CONNECT_FAILED	{Connect Failure on Primary Transport} An attempt was made to connect to the remote server %hs on the primary transport, but the connection failed. The computer was able to connect on a secondary transport.
000002EB	ERROR_PAGE_FAULT_TRANSITION	Page fault was a transition fault.
000002EC	ERROR_PAGE_FAULT_DEMAND_ZERO	Page fault was a demand zero fault.
000002ED	ERROR_PAGE_FAULT_COPY_ON_WRITE	Page fault was a demand zero fault.
000002EE	ERROR_PAGE_FAULT_GUARD_PAGE	Page fault was a demand zero fault.
000002EF	ERROR_PAGE_FAULT_PAGING_FILE	Page fault was satisfied by reading from a secondary storage device.
000002F0	ERROR_CACHE_PAGE_LOCKED	Cached page was locked during operation.
000002F1	ERROR_CRASH_DUMP	Crash dump exists in paging file.
000002F2	ERROR_BUFFER_ALL_ZEROS	Specified buffer contains all zeros.
000002F3	ERROR_REPARSE_OBJECT	A reparse should be performed by the object manager because the name of the file resulted in a symbolic link.
000002F4	ERROR_RESOURCE_REQUIREMENTS_CHANGED	The device has succeeded a query-stop and its resource requirements have changed.
000002F5	ERROR_TRANSLATION_COMPLETE	The translator has translated these resources into the global space and no further translations should be performed.
000002F6	ERROR_NOTHING_TO_TERMINATE	A process being terminated has no threads to terminate.
000002F7	ERROR_PROCESS_NOT_IN_JOB	The specified process is not part of a job.
000002F8	ERROR_PROCESS_IN_JOB	The specified process is part of a job.
000002F9	ERROR_VOLSNAP_HIBERNATE_READY	{Volume Shadow Copy Service} The system is now ready for hibernation.
000002FA	ERROR_FSFILTER_OP_COMPLETED_SUCCESSFULLY	A file system or file system filter driver has successfully completed an FsFilter operation.
000002FB	ERROR_INTERRUPT_VECTOR_ALREADY_CONNECTED	The specified interrupt vector was already connected.
000002FC	ERROR_INTERRUPT_STILL_CONNECTED	The specified interrupt vector is still connected.
000002FD	ERROR_WAIT_FOR_OPLOCK	An operation is blocked waiting for an oplock.
000002FE	ERROR_DBG_EXCEPTION_HANDLED	Debugger handled exception.
000002FF	ERROR_DBG_CONTINUE	Debugger continued.
00000300	ERROR_CALLBACK_POP_STACK	An exception occurred in a user mode callback and the kernel callback frame should be removed.
00000301	ERROR_COMPRESSION_DISABLED	Compression is disabled for this volume.
00000302	ERROR_CANTFETCHBACKWARDS	The data provider cannot fetch backward through a result set.
00000303	ERROR_CANTSCROLLBACKWARDS	The data provider cannot scroll backward through a result set.
00000304	ERROR_ROWSNOTRELEASED	The data provider requires that previously fetched data is released before asking for more data.
00000305	ERROR_BAD_ACCESSOR_FLAGS	The data provider was not able to interpret the flags set for a column binding in an accessor.
00000306	ERROR_ERRORS_ENCOUNTERED	One or more errors occurred while processing the request.
00000307	ERROR_NOT_CAPABLE	The implementation is not capable of performing the request.
00000308	ERROR_REQUEST_OUT_OF_SEQUENCE	The client of a component requested an operation that is not valid given the state of the component instance.
00000309	ERROR_VERSION_PARSE_ERROR	A version number could not be parsed.
0000030A	ERROR_BADSTARTPOSITION	The iterator's start position is invalid.
0000030B	ERROR_MEMORY_HARDWARE	The hardware has reported an uncorrectable memory error.
0000030C	ERROR_DISK_REPAIR_DISABLED	The attempted operation required self-healing to be enabled.
0000030D	ERROR_INSUFFICIENT_RESOURCE_FOR_SPECIFIED_SHARED_SECTION_SIZE	The Desktop heap encountered an error while allocating session memory. There is more information in the system event log.
0000030E	ERROR_SYSTEM_POWERSTATE_TRANSITION	The system power state is transitioning from %2 to %3.
0000030F	ERROR_SYSTEM_POWERSTATE_COMPLEX_TRANSITION	The system power state is transitioning from %2 to %3 but could enter %4.
00000310	ERROR_MCA_EXCEPTION	A thread is getting dispatched with MCA EXCEPTION because of MCA.
00000311	ERROR_ACCESS_AUDIT_BY_POLICY	Access to %1 is monitored by policy rule %2.
00000312	ERROR_ACCESS_DISABLED_NO_SAFER_UI_BY_POLICY	Access to %1 has been restricted by your administrator by policy rule %2.
00000313	ERROR_ABANDON_HIBERFILE	A valid hibernation file has been invalidated and should be abandoned.
00000314	ERROR_LOST_WRITEBEHIND_DATA_NETWORK_DISCONNECTED	{Delayed Write Failed} Windows was unable to save all the data for the file %hs; the data has been lost. This error can be caused by network connectivity issues. Try to save this file elsewhere.
00000315	ERROR_LOST_WRITEBEHIND_DATA_NETWORK_SERVER_ERROR	{Delayed Write Failed} Windows was unable to save all the data for the file %hs; the data has been lost. This error was returned by the server on which the file exists. Try to save this file elsewhere.
00000316	ERROR_LOST_WRITEBEHIND_DATA_LOCAL_DISK_ERROR	{Delayed Write Failed} Windows was unable to save all the data for the file %hs; the data has been lost. This error can be caused if the device has been removed or the media is write-protected.
000003E2	ERROR_EA_ACCESS_DENIED	Access to the extended attribute was denied.
000003E3	ERROR_OPERATION_ABORTED	The I/O operation has been aborted because of either a thread exit or an application request.
000003E4	ERROR_IO_INCOMPLETE	Overlapped I/O event is not in a signaled state.
000003E5	ERROR_IO_PENDING	Overlapped I/O operation is in progress.
000003E6	ERROR_NOACCESS	Invalid access to memory location.
000003E7	ERROR_SWAPERROR	Error performing in-page operation.
000003E9	ERROR_STACK_OVERFLOW	Recursion too deep; the stack overflowed.
000003EA	ERROR_INVALID_MESSAGE	The window cannot act on the sent message.
000003EB	ERROR_CAN_NOT_COMPLETE	Cannot complete this function.
000003EC	ERROR_INVALID_FLAGS	Invalid flags.
000003ED	ERROR_UNRECOGNIZED_VOLUME	The volume does not contain a recognized file system. Be sure that all required file system drivers are loaded and that the volume is not corrupted.
000003EE	ERROR_FILE_INVALID	The volume for a file has been externally altered so that the opened file is no longer valid.
000003EF	ERROR_FULLSCREEN_MODE	The requested operation cannot be performed in full-screen mode.
000003F0	ERROR_NO_TOKEN	An attempt was made to reference a token that does not exist.
000003F1	ERROR_BADDB	The configuration registry database is corrupt.
000003F2	ERROR_BADKEY	The configuration registry key is invalid.
000003F3	ERROR_CANTOPEN	The configuration registry key could not be opened.
000003F4	ERROR_CANTREAD	The configuration registry key could not be read.
000003F5	ERROR_CANTWRITE	The configuration registry key could not be written.
000003F6	ERROR_REGISTRY_RECOVERED	One of the files in the registry database had to be recovered by use of a log or alternate copy. The recovery was successful.
000003F7	ERROR_REGISTRY_CORRUPT	The registry is corrupted. The structure of one of the files containing registry data is corrupted, or the system's memory image of the file is corrupted, or the file could not be recovered because the alternate copy or log was absent or corrupted.
000003F8	ERROR_REGISTRY_IO_FAILED	An I/O operation initiated by the registry failed and cannot be recovered. The registry could not read in, write out, or flush one of the files that contain the system's image of the registry.
000003F9	ERROR_NOT_REGISTRY_FILE	The system attempted to load or restore a file into the registry, but the specified file is not in a registry file format.
000003FA	ERROR_KEY_DELETED	Illegal operation attempted on a registry key that has been marked for deletion.
000003FB	ERROR_NO_LOG_SPACE	System could not allocate the required space in a registry log.
000003FC	ERROR_KEY_HAS_CHILDREN	Cannot create a symbolic link in a registry key that already has subkeys or values.
000003FD	ERROR_CHILD_MUST_BE_VOLATILE	Cannot create a stable subkey under a volatile parent key.
000003FE	ERROR_NOTIFY_ENUM_DIR	A notify change request is being completed and the information is not being returned in the caller's buffer. The caller now needs to enumerate the files to find the changes.
0000041B	ERROR_DEPENDENT_SERVICES_RUNNING	A stop control has been sent to a service that other running services are dependent on.
0000041C	ERROR_INVALID_SERVICE_CONTROL	The requested control is not valid for this service.
0000041D	ERROR_SERVICE_REQUEST_TIMEOUT	The service did not respond to the start or control request in a timely fashion.
0000041E	ERROR_SERVICE_NO_THREAD	A thread could not be created for the service.
0000041F	ERROR_SERVICE_DATABASE_LOCKED	The service database is locked.
00000420	ERROR_SERVICE_ALREADY_RUNNING	An instance of the service is already running.
00000421	ERROR_INVALID_SERVICE_ACCOUNT	The account name is invalid or does not exist, or the password is invalid for the account name specified.
00000422	ERROR_SERVICE_DISABLED	The service cannot be started, either because it is disabled or because it has no enabled devices associated with it.
00000423	ERROR_CIRCULAR_DEPENDENCY	Circular service dependency was specified.
00000424	ERROR_SERVICE_DOES_NOT_EXIST	The specified service does not exist as an installed service.
00000425	ERROR_SERVICE_CANNOT_ACCEPT_CTRL	The service cannot accept control messages at this time.
00000426	ERROR_SERVICE_NOT_ACTIVE	The service has not been started.
00000427	ERROR_FAILED_SERVICE_CONTROLLER_CONNECT	The service process could not connect to the service controller.
00000428	ERROR_EXCEPTION_IN_SERVICE	An exception occurred in the service when handling the control request.
00000429	ERROR_DATABASE_DOES_NOT_EXIST	The database specified does not exist.
0000042A	ERROR_SERVICE_SPECIFIC_ERROR	The service has returned a service-specific error code.
0000042B	ERROR_PROCESS_ABORTED	The process terminated unexpectedly.
0000042C	ERROR_SERVICE_DEPENDENCY_FAIL	The dependency service or group failed to start.
0000042D	ERROR_SERVICE_LOGON_FAILED	The service did not start due to a logon failure.
0000042E	ERROR_SERVICE_START_HANG	After starting, the service stopped responding in a start-pending state.
0000042F	ERROR_INVALID_SERVICE_LOCK	The specified service database lock is invalid.
00000430	ERROR_SERVICE_MARKED_FOR_DELETE	The specified service has been marked for deletion.
00000431	ERROR_SERVICE_EXISTS	The specified service already exists.
00000432	ERROR_ALREADY_RUNNING_LKG	The system is currently running with the last-known-good configuration.
00000433	ERROR_SERVICE_DEPENDENCY_DELETED	The dependency service does not exist or has been marked for deletion.
00000434	ERROR_BOOT_ALREADY_ACCEPTED	The current boot has already been accepted for use as the last-known-good control set.
00000435	ERROR_SERVICE_NEVER_STARTED	No attempts to start the service have been made since the last boot.
00000436	ERROR_DUPLICATE_SERVICE_NAME	The name is already in use as either a service name or a service display name.
00000437	ERROR_DIFFERENT_SERVICE_ACCOUNT	The account specified for this service is different from the account specified for other services running in the same process.
00000438	ERROR_CANNOT_DETECT_DRIVER_FAILURE	Failure actions can only be set for Win32 services, not for drivers.
00000439	ERROR_CANNOT_DETECT_PROCESS_ABORT	This service runs in the same process as the service control manager. Therefore, the service control manager cannot take action if this service's process terminates unexpectedly.
0000043A	ERROR_NO_RECOVERY_PROGRAM	No recovery program has been configured for this service.
0000043B	ERROR_SERVICE_NOT_IN_EXE	The executable program that this service is configured to run in does not implement the service.
0000043C	ERROR_NOT_SAFEBOOT_SERVICE	This service cannot be started in Safe Mode.
0000044C	ERROR_END_OF_MEDIA	The physical end of the tape has been reached.
0000044D	ERROR_FILEMARK_DETECTED	A tape access reached a filemark.
0000044E	ERROR_BEGINNING_OF_MEDIA	The beginning of the tape or a partition was encountered.
0000044F	ERROR_SETMARK_DETECTED	A tape access reached the end of a set of files.
00000450	ERROR_NO_DATA_DETECTED	No more data is on the tape.
00000451	ERROR_PARTITION_FAILURE	Tape could not be partitioned.
00000452	ERROR_INVALID_BLOCK_LENGTH	When accessing a new tape of a multivolume partition, the current block size is incorrect.
00000453	ERROR_DEVICE_NOT_PARTITIONED	Tape partition information could not be found when loading a tape.
00000454	ERROR_UNABLE_TO_LOCK_MEDIA	Unable to lock the media eject mechanism.
00000455	ERROR_UNABLE_TO_UNLOAD_MEDIA	Unable to unload the media.
00000456	ERROR_MEDIA_CHANGED	The media in the drive might have changed.
00000457	ERROR_BUS_RESET	The I/O bus was reset.
00000458	ERROR_NO_MEDIA_IN_DRIVE	No media in drive.
00000459	ERROR_NO_UNICODE_TRANSLATION	No mapping for the Unicode character exists in the target multibyte code page.
0000045A	ERROR_DLL_INIT_FAILED	A DLL initialization routine failed.
0000045B	ERROR_SHUTDOWN_IN_PROGRESS	A system shutdown is in progress.
0000045C	ERROR_NO_SHUTDOWN_IN_PROGRESS	Unable to abort the system shutdown because no shutdown was in progress.
0000045D	ERROR_IO_DEVICE	The request could not be performed because of an I/O device error.
0000045E	ERROR_SERIAL_NO_DEVICE	No serial device was successfully initialized. The serial driver will unload.
0000045F	ERROR_IRQ_BUSY	Unable to open a device that was sharing an IRQ with other devices. At least one other device that uses that IRQ was already opened.
00000460	ERROR_MORE_WRITES	A serial I/O operation was completed by another write to the serial port. (The IOCTL_SERIAL_XOFF_COUNTER reached zero.)
00000461	ERROR_COUNTER_TIMEOUT	A serial I/O operation completed because the time-out period expired. (The IOCTL_SERIAL_XOFF_COUNTER did not reach zero.)
00000462	ERROR_FLOPPY_ID_MARK_NOT_FOUND	No ID address mark was found on the floppy disk.
00000463	ERROR_FLOPPY_WRONG_CYLINDER	Mismatch between the floppy disk sector ID field and the floppy disk controller track address.
00000464	ERROR_FLOPPY_UNKNOWN_ERROR	The floppy disk controller reported an error that is not recognized by the floppy disk driver.
00000465	ERROR_FLOPPY_BAD_REGISTERS	The floppy disk controller returned inconsistent results in its registers.
00000466	ERROR_DISK_RECALIBRATE_FAILED	While accessing the hard disk, a recalibrate operation failed, even after retries.
00000467	ERROR_DISK_OPERATION_FAILED	While accessing the hard disk, a disk operation failed even after retries.
00000468	ERROR_DISK_RESET_FAILED	While accessing the hard disk, a disk controller reset was needed, but that also failed.
00000469	ERROR_EOM_OVERFLOW	Physical end of tape encountered.
0000046A	ERROR_NOT_ENOUGH_SERVER_MEMORY	Not enough server storage is available to process this command.
0000046B	ERROR_POSSIBLE_DEADLOCK	A potential deadlock condition has been detected.
0000046C	ERROR_MAPPED_ALIGNMENT	The base address or the file offset specified does not have the proper alignment.
00000474	ERROR_SET_POWER_STATE_VETOED	An attempt to change the system power state was vetoed by another application or driver.
00000475	ERROR_SET_POWER_STATE_FAILED	The system BIOS failed an attempt to change the system power state.
00000476	ERROR_TOO_MANY_LINKS	An attempt was made to create more links on a file than the file system supports.
0000047E	ERROR_OLD_WIN_VERSION	The specified program requires a newer version of Windows.
0000047F	ERROR_APP_WRONG_OS	The specified program is not a Windows or MS-DOS program.
00000480	ERROR_SINGLE_INSTANCE_APP	Cannot start more than one instance of the specified program.
00000481	ERROR_RMODE_APP	The specified program was written for an earlier version of Windows.
00000482	ERROR_INVALID_DLL	One of the library files needed to run this application is damaged.
00000483	ERROR_NO_ASSOCIATION	No application is associated with the specified file for this operation.
00000484	ERROR_DDE_FAIL	An error occurred in sending the command to the application.
00000485	ERROR_DLL_NOT_FOUND	One of the library files needed to run this application cannot be found.
00000486	ERROR_NO_MORE_USER_HANDLES	The current process has used all of its system allowance of handles for Windows manager objects.
00000487	ERROR_MESSAGE_SYNC_ONLY	The message can be used only with synchronous operations.
00000488	ERROR_SOURCE_ELEMENT_EMPTY	The indicated source element has no media.
00000489	ERROR_DESTINATION_ELEMENT_FULL	The indicated destination element already contains media.
0000048A	ERROR_ILLEGAL_ELEMENT_ADDRESS	The indicated element does not exist.
0000048B	ERROR_MAGAZINE_NOT_PRESENT	The indicated element is part of a magazine that is not present.
0000048C	ERROR_DEVICE_REINITIALIZATION_NEEDED	The indicated device requires re-initialization due to hardware errors.
0000048D	ERROR_DEVICE_REQUIRES_CLEANING	The device has indicated that cleaning is required before further operations are attempted.
0000048E	ERROR_DEVICE_DOOR_OPEN	The device has indicated that its door is open.
0000048F	ERROR_DEVICE_NOT_CONNECTED	The device is not connected.
00000490	ERROR_NOT_FOUND	Element not found.
00000491	ERROR_NO_MATCH	There was no match for the specified key in the index.
00000492	ERROR_SET_NOT_FOUND	The property set specified does not exist on the object.
00000493	ERROR_POINT_NOT_FOUND	The point passed to GetMouseMovePoints is not in the buffer.
00000494	ERROR_NO_TRACKING_SERVICE	The tracking (workstation) service is not running.
00000495	ERROR_NO_VOLUME_ID	The volume ID could not be found.
00000497	ERROR_UNABLE_TO_REMOVE_REPLACED	Unable to remove the file to be replaced.
00000498	ERROR_UNABLE_TO_MOVE_REPLACEMENT	Unable to move the replacement file to the file to be replaced. The file to be replaced has retained its original name.
00000499	ERROR_UNABLE_TO_MOVE_REPLACEMENT_2	Unable to move the replacement file to the file to be replaced. The file to be replaced has been renamed using the backup name.
0000049A	ERROR_JOURNAL_DELETE_IN_PROGRESS	The volume change journal is being deleted.
0000049B	ERROR_JOURNAL_NOT_ACTIVE	The volume change journal is not active.
0000049C	ERROR_POTENTIAL_FILE_FOUND	A file was found, but it might not be the correct file.
0000049D	ERROR_JOURNAL_ENTRY_DELETED	The journal entry has been deleted from the journal.
000004A6	ERROR_SHUTDOWN_IS_SCHEDULED	A system shutdown has already been scheduled.
000004A7	ERROR_SHUTDOWN_USERS_LOGGED_ON	The system shutdown cannot be initiated because there are other users logged on to the computer.
000004B0	ERROR_BAD_DEVICE	The specified device name is invalid.
000004B1	ERROR_CONNECTION_UNAVAIL	The device is not currently connected but it is a remembered connection.
000004B2	ERROR_DEVICE_ALREADY_REMEMBERED	The local device name has a remembered connection to another network resource.
000004B3	ERROR_NO_NET_OR_BAD_PATH	The network path was either typed incorrectly, does not exist, or the network provider is not currently available. Try retyping the path or contact your network administrator.
000004B4	ERROR_BAD_PROVIDER	The specified network provider name is invalid.
000004B5	ERROR_CANNOT_OPEN_PROFILE	Unable to open the network connection profile.
000004B6	ERROR_BAD_PROFILE	The network connection profile is corrupted.
000004B7	ERROR_NOT_CONTAINER	Cannot enumerate a noncontainer.
000004B8	ERROR_EXTENDED_ERROR	An extended error has occurred.
000004B9	ERROR_INVALID_GROUPNAME	The format of the specified group name is invalid.
000004BA	ERROR_INVALID_COMPUTERNAME	The format of the specified computer name is invalid.
000004BB	ERROR_INVALID_EVENTNAME	The format of the specified event name is invalid.
000004BC	ERROR_INVALID_DOMAINNAME	The format of the specified domain name is invalid.
000004BD	ERROR_INVALID_SERVICENAME	The format of the specified service name is invalid.
000004BE	ERROR_INVALID_NETNAME	The format of the specified network name is invalid.
000004BF	ERROR_INVALID_SHARENAME	The format of the specified share name is invalid.
000004C0	ERROR_INVALID_PASSWORDNAME	The format of the specified password is invalid.
000004C1	ERROR_INVALID_MESSAGENAME	The format of the specified message name is invalid.
000004C2	ERROR_INVALID_MESSAGEDEST	The format of the specified message destination is invalid.
000004C3	ERROR_SESSION_CREDENTIAL_CONFLICT	Multiple connections to a server or shared resource by the same user, using more than one user name, are not allowed. Disconnect all previous connections to the server or shared resource and try again.
000004C4	ERROR_REMOTE_SESSION_LIMIT_EXCEEDED	An attempt was made to establish a session to a network server, but there are already too many sessions established to that server.
000004C5	ERROR_DUP_DOMAINNAME	The workgroup or domain name is already in use by another computer on the network.
000004C6	ERROR_NO_NETWORK	The network is not present or not started.
000004C7	ERROR_CANCELLED	The operation was canceled by the user.
000004C8	ERROR_USER_MAPPED_FILE	The requested operation cannot be performed on a file with a user-mapped section open.
000004C9	ERROR_CONNECTION_REFUSED	The remote system refused the network connection.
000004CA	ERROR_GRACEFUL_DISCONNECT	The network connection was gracefully closed.
000004CB	ERROR_ADDRESS_ALREADY_ASSOCIATED	The network transport endpoint already has an address associated with it.
000004CC	ERROR_ADDRESS_NOT_ASSOCIATED	An address has not yet been associated with the network endpoint.
000004CD	ERROR_CONNECTION_INVALID	An operation was attempted on a nonexistent network connection.
000004CE	ERROR_CONNECTION_ACTIVE	An invalid operation was attempted on an active network connection.
000004CF	ERROR_NETWORK_UNREACHABLE	The network location cannot be reached. For information about network troubleshooting, see Windows Help.
000004D0	ERROR_HOST_UNREACHABLE	The network location cannot be reached. For information about network troubleshooting, see Windows Help.
000004D1	ERROR_PROTOCOL_UNREACHABLE	The network location cannot be reached. For information about network troubleshooting, see Windows Help.
000004D2	ERROR_PORT_UNREACHABLE	No service is operating at the destination network endpoint on the remote system.
000004D3	ERROR_REQUEST_ABORTED	The request was aborted.
000004D4	ERROR_CONNECTION_ABORTED	The network connection was aborted by the local system.
000004D5	ERROR_RETRY	The operation could not be completed. A retry should be performed.
000004D6	ERROR_CONNECTION_COUNT_LIMIT	A connection to the server could not be made because the limit on the number of concurrent connections for this account has been reached.
000004D7	ERROR_LOGIN_TIME_RESTRICTION	Attempting to log on during an unauthorized time of day for this account.
000004D8	ERROR_LOGIN_WKSTA_RESTRICTION	The account is not authorized to log on from this station.
000004D9	ERROR_INCORRECT_ADDRESS	The network address could not be used for the operation requested.
000004DA	ERROR_ALREADY_REGISTERED	The service is already registered.
000004DB	ERROR_SERVICE_NOT_FOUND	The specified service does not exist.
000004DC	ERROR_NOT_AUTHENTICATED	The operation being requested was not performed because the user has not been authenticated.
000004DD	ERROR_NOT_LOGGED_ON	The operation being requested was not performed because the user has not logged on to the network. The specified service does not exist.
000004DE	ERROR_CONTINUE	Continue with work in progress.
000004DF	ERROR_ALREADY_INITIALIZED	An attempt was made to perform an initialization operation when initialization has already been completed.
000004E0	ERROR_NO_MORE_DEVICES	No more local devices.
000004E1	ERROR_NO_SUCH_SITE	The specified site does not exist.
000004E2	ERROR_DOMAIN_CONTROLLER_EXISTS	A domain controller with the specified name already exists.
000004E3	ERROR_ONLY_IF_CONNECTED	This operation is supported only when you are connected to the server.
000004E4	ERROR_OVERRIDE_NOCHANGES	The group policy framework should call the extension even if there are no changes.
000004E5	ERROR_BAD_USER_PROFILE	The specified user does not have a valid profile.
000004E6	ERROR_NOT_SUPPORTED_ON_SBS	This operation is not supported on a computer running Windows Server 2003 operating system for Small Business Server.
000004E7	ERROR_SERVER_SHUTDOWN_IN_PROGRESS	The server machine is shutting down.
000004E8	ERROR_HOST_DOWN	The remote system is not available. For information about network troubleshooting, see Windows Help.
000004E9	ERROR_NON_ACCOUNT_SID	The security identifier provided is not from an account domain.
000004EA	ERROR_NON_DOMAIN_SID	The security identifier provided does not have a domain component.
000004EB	ERROR_APPHELP_BLOCK	AppHelp dialog canceled, thus preventing the application from starting.
000004EC	ERROR_ACCESS_DISABLED_BY_POLICY	This program is blocked by Group Policy. For more information, contact your system administrator.
000004ED	ERROR_REG_NAT_CONSUMPTION	A program attempt to use an invalid register value. Normally caused by an uninitialized register. This error is Itanium specific.
000004EE	ERROR_CSCSHARE_OFFLINE	The share is currently offline or does not exist.
000004EF	ERROR_PKINIT_FAILURE	The Kerberos protocol encountered an error while validating the KDC certificate during smartcard logon. There is more information in the system event log.
000004F0	ERROR_SMARTCARD_SUBSYSTEM_FAILURE	The Kerberos protocol encountered an error while attempting to utilize the smartcard subsystem.
000004F1	ERROR_DOWNGRADE_DETECTED	The system detected a possible attempt to compromise security. Ensure that you can contact the server that authenticated you.
000004F7	ERROR_MACHINE_LOCKED	The machine is locked and cannot be shut down without the force option.
000004F9	ERROR_CALLBACK_SUPPLIED_INVALID_DATA	An application-defined callback gave invalid data when called.
000004FA	ERROR_SYNC_FOREGROUND_REFRESH_REQUIRED	The Group Policy framework should call the extension in the synchronous foreground policy refresh.
000004FB	ERROR_DRIVER_BLOCKED	This driver has been blocked from loading.
000004FC	ERROR_INVALID_IMPORT_OF_NON_DLL	A DLL referenced a module that was neither a DLL nor the process's executable image.
000004FD	ERROR_ACCESS_DISABLED_WEBBLADE	Windows cannot open this program because it has been disabled.
000004FE	ERROR_ACCESS_DISABLED_WEBBLADE_TAMPER	Windows cannot open this program because the license enforcement system has been tampered with or become corrupted.
000004FF	ERROR_RECOVERY_FAILURE	A transaction recover failed.
00000500	ERROR_ALREADY_FIBER	The current thread has already been converted to a fiber.
00000501	ERROR_ALREADY_THREAD	The current thread has already been converted from a fiber.
00000502	ERROR_STACK_BUFFER_OVERRUN	The system detected an overrun of a stack-based buffer in this application. This overrun could potentially allow a malicious user to gain control of this application.
00000503	ERROR_PARAMETER_QUOTA_EXCEEDED	Data present in one of the parameters is more than the function can operate on.
00000504	ERROR_DEBUGGER_INACTIVE	An attempt to perform an operation on a debug object failed because the object is in the process of being deleted.
00000505	ERROR_DELAY_LOAD_FAILED	An attempt to delay-load a .dll or get a function address in a delay-loaded .dll failed.
00000506	ERROR_VDM_DISALLOWED	%1 is a 16-bit application. You do not have permissions to execute 16-bit applications. Check your permissions with your system administrator.
00000507	ERROR_UNIDENTIFIED_ERROR	Insufficient information exists to identify the cause of failure.
00000508	ERROR_INVALID_CRUNTIME_PARAMETER	The parameter passed to a C runtime function is incorrect.
00000509	ERROR_BEYOND_VDL	The operation occurred beyond the valid data length of the file.
0000050A	ERROR_INCOMPATIBLE_SERVICE_SID_TYPE	The service start failed because one or more services in the same process have an incompatible service SID type setting. A service with a restricted service SID type can only coexist in the same process with other services with a restricted SID type.
0000050B	ERROR_DRIVER_PROCESS_TERMINATED	The process hosting the driver for this device has been terminated.
0000050C	ERROR_IMPLEMENTATION_LIMIT	An operation attempted to exceed an implementation-defined limit.
0000050D	ERROR_PROCESS_IS_PROTECTED	Either the target process, or the target thread's containing process, is a protected process.
0000050E	ERROR_SERVICE_NOTIFY_CLIENT_LAGGING	The service notification client is lagging too far behind the current state of services in the machine.
0000050F	ERROR_DISK_QUOTA_EXCEEDED	An operation failed because the storage quota was exceeded.
00000510	ERROR_CONTENT_BLOCKED	An operation failed because the content was blocked.
00000511	ERROR_INCOMPATIBLE_SERVICE_PRIVILEGE	A privilege that the service requires to function properly does not exist in the service account configuration. The Services Microsoft Management Console (MMC) snap-in (Services.msc) and the Local Security Settings MMC snap-in (Secpol.msc) can be used to view the service configuration and the account configuration.
00000513	ERROR_INVALID_LABEL	Indicates a particular SID cannot be assigned as the label of an object.
00000514	ERROR_NOT_ALL_ASSIGNED	Not all privileges or groups referenced are assigned to the caller.
00000515	ERROR_SOME_NOT_MAPPED	Some mapping between account names and SIDs was not done.
00000516	ERROR_NO_QUOTAS_FOR_ACCOUNT	No system quota limits are specifically set for this account.
00000517	ERROR_LOCAL_USER_SESSION_KEY	No encryption key is available. A well-known encryption key was returned.
00000518	ERROR_NULL_LM_PASSWORD	The password is too complex to be converted to a LAN Manager password. The LAN Manager password returned is a null string.
00000519	ERROR_UNKNOWN_REVISION	The revision level is unknown.
0000051A	ERROR_REVISION_MISMATCH	Indicates two revision levels are incompatible.
0000051B	ERROR_INVALID_OWNER	This SID cannot be assigned as the owner of this object.
0000051C	ERROR_INVALID_PRIMARY_GROUP	This SID cannot be assigned as the primary group of an object.
0000051D	ERROR_NO_IMPERSONATION_TOKEN	An attempt has been made to operate on an impersonation token by a thread that is not currently impersonating a client.
0000051E	ERROR_CANT_DISABLE_MANDATORY	The group cannot be disabled.
0000051F	ERROR_NO_LOGON_SERVERS	There are currently no logon servers available to service the logon request.
00000520	ERROR_NO_SUCH_LOGON_SESSION	A specified logon session does not exist. It might already have been terminated.
00000521	ERROR_NO_SUCH_PRIVILEGE	A specified privilege does not exist.
00000522	ERROR_PRIVILEGE_NOT_HELD	A required privilege is not held by the client.
00000523	ERROR_INVALID_ACCOUNT_NAME	The name provided is not a properly formed account name.
00000524	ERROR_USER_EXISTS	The specified account already exists.
00000525	ERROR_NO_SUCH_USER	The specified account does not exist.
00000526	ERROR_GROUP_EXISTS	The specified group already exists.
00000527	ERROR_NO_SUCH_GROUP	The specified group does not exist.
00000528	ERROR_MEMBER_IN_GROUP	Either the specified user account is already a member of the specified group, or the specified group cannot be deleted because it contains a member.
00000529	ERROR_MEMBER_NOT_IN_GROUP	The specified user account is not a member of the specified group account.
0000052A	ERROR_LAST_ADMIN	The last remaining administration account cannot be disabled or deleted.
0000052B	ERROR_WRONG_PASSWORD	Unable to update the password. The value provided as the current password is incorrect.
0000052C	ERROR_ILL_FORMED_PASSWORD	Unable to update the password. The value provided for the new password contains values that are not allowed in passwords.
0000052D	ERROR_PASSWORD_RESTRICTION	Unable to update the password. The value provided for the new password does not meet the length, complexity, or history requirements of the domain.
0000052E	ERROR_LOGON_FAILURE	Logon failure: Unknown user name or bad password.
0000052F	ERROR_ACCOUNT_RESTRICTION	Logon failure: User account restriction. Possible reasons are blank passwords not allowed, logon hour restrictions, or a policy restriction has been enforced.
00000530	ERROR_INVALID_LOGON_HOURS	Logon failure: Account logon time restriction violation.
00000531	ERROR_INVALID_WORKSTATION	Logon failure: User not allowed to log on to this computer.
00000532	ERROR_PASSWORD_EXPIRED	Logon failure: The specified account password has expired.
00000533	ERROR_ACCOUNT_DISABLED	Logon failure: Account currently disabled.
00000534	ERROR_NONE_MAPPED	No mapping between account names and SIDs was done.
00000535	ERROR_TOO_MANY_LUIDS_REQUESTED	Too many local user identifiers (LUIDs) were requested at one time.
00000536	ERROR_LUIDS_EXHAUSTED	No more LUIDs are available.
00000537	ERROR_INVALID_SUB_AUTHORITY	The sub-authority part of an SID is invalid for this particular use.
00000538	ERROR_INVALID_ACL	The ACL structure is invalid.
00000539	ERROR_INVALID_SID	The SID structure is invalid.
0000053A	ERROR_INVALID_SECURITY_DESCR	The security descriptor structure is invalid.
0000053C	ERROR_BAD_INHERITANCE_ACL	The inherited ACL or ACE could not be built.
0000053D	ERROR_SERVER_DISABLED	The server is currently disabled.
0000053E	ERROR_SERVER_NOT_DISABLED	The server is currently enabled.
0000053F	ERROR_INVALID_ID_AUTHORITY	The value provided was an invalid value for an identifier authority.
00000540	ERROR_ALLOTTED_SPACE_EXCEEDED	No more memory is available for security information updates.
00000541	ERROR_INVALID_GROUP_ATTRIBUTES	The specified attributes are invalid, or incompatible with the attributes for the group as a whole.
00000542	ERROR_BAD_IMPERSONATION_LEVEL	Either a required impersonation level was not provided, or the provided impersonation level is invalid.
00000543	ERROR_CANT_OPEN_ANONYMOUS	Cannot open an anonymous level security token.
00000544	ERROR_BAD_VALIDATION_CLASS	The validation information class requested was invalid.
00000545	ERROR_BAD_TOKEN_TYPE	The type of the token is inappropriate for its attempted use.
00000546	ERROR_NO_SECURITY_ON_OBJECT	Unable to perform a security operation on an object that has no associated security.
00000547	ERROR_CANT_ACCESS_DOMAIN_INFO	Configuration information could not be read from the domain controller, either because the machine is unavailable, or access has been denied.
00000548	ERROR_INVALID_SERVER_STATE	The SAM or local security authority (LSA) server was in the wrong state to perform the security operation.
00000549	ERROR_INVALID_DOMAIN_STATE	The domain was in the wrong state to perform the security operation.
0000054A	ERROR_INVALID_DOMAIN_ROLE	This operation is only allowed for the PDC of the domain.
0000054B	ERROR_NO_SUCH_DOMAIN	The specified domain either does not exist or could not be contacted.
0000054C	ERROR_DOMAIN_EXISTS	The specified domain already exists.
0000054D	ERROR_DOMAIN_LIMIT_EXCEEDED	An attempt was made to exceed the limit on the number of domains per server.
0000054E	ERROR_INTERNAL_DB_CORRUPTION	Unable to complete the requested operation because of either a catastrophic media failure or a data structure corruption on the disk.
0000054F	ERROR_INTERNAL_ERROR	An internal error occurred.
00000550	ERROR_GENERIC_NOT_MAPPED	Generic access types were contained in an access mask that should already be mapped to nongeneric types.
00000551	ERROR_BAD_DESCRIPTOR_FORMAT	A security descriptor is not in the right format (absolute or self-relative).
00000552	ERROR_NOT_LOGON_PROCESS	The requested action is restricted for use by logon processes only. The calling process has not registered as a logon process.
00000553	ERROR_LOGON_SESSION_EXISTS	Cannot start a new logon session with an ID that is already in use.
00000554	ERROR_NO_SUCH_PACKAGE	A specified authentication package is unknown.
00000555	ERROR_BAD_LOGON_SESSION_STATE	The logon session is not in a state that is consistent with the requested operation.
00000556	ERROR_LOGON_SESSION_COLLISION	The logon session ID is already in use.
00000557	ERROR_INVALID_LOGON_TYPE	A logon request contained an invalid logon type value.
00000558	ERROR_CANNOT_IMPERSONATE	Unable to impersonate using a named pipe until data has been read from that pipe.
00000559	ERROR_RXACT_INVALID_STATE	The transaction state of a registry subtree is incompatible with the requested operation.
0000055A	ERROR_RXACT_COMMIT_FAILURE	An internal security database corruption has been encountered.
0000055B	ERROR_SPECIAL_ACCOUNT	Cannot perform this operation on built-in accounts.
0000055C	ERROR_SPECIAL_GROUP	Cannot perform this operation on this built-in special group.
0000055D	ERROR_SPECIAL_USER	Cannot perform this operation on this built-in special user.
0000055E	ERROR_MEMBERS_PRIMARY_GROUP	The user cannot be removed from a group because the group is currently the user's primary group.
0000055F	ERROR_TOKEN_ALREADY_IN_USE	The token is already in use as a primary token.
00000560	ERROR_NO_SUCH_ALIAS	The specified local group does not exist.
00000561	ERROR_MEMBER_NOT_IN_ALIAS	The specified account name is not a member of the group.
00000562	ERROR_MEMBER_IN_ALIAS	The specified account name is already a member of the group.
00000563	ERROR_ALIAS_EXISTS	The specified local group already exists.
00000564	ERROR_LOGON_NOT_GRANTED	Logon failure: The user has not been granted the requested logon type at this computer.
00000565	ERROR_TOO_MANY_SECRETS	The maximum number of secrets that can be stored in a single system has been exceeded.
00000566	ERROR_SECRET_TOO_LONG	The length of a secret exceeds the maximum length allowed.
00000567	ERROR_INTERNAL_DB_ERROR	The local security authority database contains an internal inconsistency.
00000568	ERROR_TOO_MANY_CONTEXT_IDS	During a logon attempt, the user's security context accumulated too many SIDs.
00000569	ERROR_LOGON_TYPE_NOT_GRANTED	Logon failure: The user has not been granted the requested logon type at this computer.
0000056A	ERROR_NT_CROSS_ENCRYPTION_REQUIRED	A cross-encrypted password is necessary to change a user password.
0000056B	ERROR_NO_SUCH_MEMBER	A member could not be added to or removed from the local group because the member does not exist.
0000056C	ERROR_INVALID_MEMBER	A new member could not be added to a local group because the member has the wrong account type.
0000056D	ERROR_TOO_MANY_SIDS	Too many SIDs have been specified.
0000056E	ERROR_LM_CROSS_ENCRYPTION_REQUIRED	A cross-encrypted password is necessary to change this user password.
0000056F	ERROR_NO_INHERITANCE	Indicates an ACL contains no inheritable components.
00000570	ERROR_FILE_CORRUPT	The file or directory is corrupted and unreadable.
00000571	ERROR_DISK_CORRUPT	The disk structure is corrupted and unreadable.
00000572	ERROR_NO_USER_SESSION_KEY	There is no user session key for the specified logon session.
00000573	ERROR_LICENSE_QUOTA_EXCEEDED	The service being accessed is licensed for a particular number of connections. No more connections can be made to the service at this time because the service has accepted the maximum number of connections.
00000574	ERROR_WRONG_TARGET_NAME	Logon failure: The target account name is incorrect.
00000575	ERROR_MUTUAL_AUTH_FAILED	Mutual authentication failed. The server's password is out of date at the domain controller.
00000576	ERROR_TIME_SKEW	There is a time and/or date difference between the client and server.
00000577	ERROR_CURRENT_DOMAIN_NOT_ALLOWED	This operation cannot be performed on the current domain.
00000578	ERROR_INVALID_WINDOW_HANDLE	Invalid window handle.
00000579	ERROR_INVALID_MENU_HANDLE	Invalid menu handle.
0000057A	ERROR_INVALID_CURSOR_HANDLE	Invalid cursor handle.
0000057B	ERROR_INVALID_ACCEL_HANDLE	Invalid accelerator table handle.
0000057C	ERROR_INVALID_HOOK_HANDLE	Invalid hook handle.
0000057D	ERROR_INVALID_DWP_HANDLE	Invalid handle to a multiple-window position structure.
0000057E	ERROR_TLW_WITH_WSCHILD	Cannot create a top-level child window.
0000057F	ERROR_CANNOT_FIND_WND_CLASS	Cannot find window class.
00000580	ERROR_WINDOW_OF_OTHER_THREAD	Invalid window; it belongs to other thread.
00000581	ERROR_HOTKEY_ALREADY_REGISTERED	Hot key is already registered.
00000582	ERROR_CLASS_ALREADY_EXISTS	Class already exists.
00000583	ERROR_CLASS_DOES_NOT_EXIST	Class does not exist.
00000584	ERROR_CLASS_HAS_WINDOWS	Class still has open windows.
00000585	ERROR_INVALID_INDEX	Invalid index.
00000586	ERROR_INVALID_ICON_HANDLE	Invalid icon handle.
00000587	ERROR_PRIVATE_DIALOG_INDEX	Using private DIALOG window words.
00000588	ERROR_LISTBOX_ID_NOT_FOUND	The list box identifier was not found.
00000589	ERROR_NO_WILDCARD_CHARACTERS	No wildcards were found.
0000058A	ERROR_CLIPBOARD_NOT_OPEN	Thread does not have a clipboard open.
0000058B	ERROR_HOTKEY_NOT_REGISTERED	Hot key is not registered.
0000058C	ERROR_WINDOW_NOT_DIALOG	The window is not a valid dialog window.
0000058D	ERROR_CONTROL_ID_NOT_FOUND	Control ID not found.
0000058E	ERROR_INVALID_COMBOBOX_MESSAGE	Invalid message for a combo box because it does not have an edit control.
0000058F	ERROR_WINDOW_NOT_COMBOBOX	The window is not a combo box.
00000590	ERROR_INVALID_EDIT_HEIGHT	Height must be less than 256.
00000591	ERROR_DC_NOT_FOUND	Invalid device context (DC) handle.
00000592	ERROR_INVALID_HOOK_FILTER	Invalid hook procedure type.
00000593	ERROR_INVALID_FILTER_PROC	Invalid hook procedure.
00000594	ERROR_HOOK_NEEDS_HMOD	Cannot set nonlocal hook without a module handle.
00000595	ERROR_GLOBAL_ONLY_HOOK	This hook procedure can only be set globally.
00000596	ERROR_JOURNAL_HOOK_SET	The journal hook procedure is already installed.
00000597	ERROR_HOOK_NOT_INSTALLED	The hook procedure is not installed.
00000598	ERROR_INVALID_LB_MESSAGE	Invalid message for single-selection list box.
00000599	ERROR_SETCOUNT_ON_BAD_LB	LB_SETCOUNT sent to non-lazy list box.
0000059A	ERROR_LB_WITHOUT_TABSTOPS	This list box does not support tab stops.
0000059B	ERROR_DESTROY_OBJECT_OF_OTHER_THREAD	Cannot destroy object created by another thread.
0000059C	ERROR_CHILD_WINDOW_MENU	Child windows cannot have menus.
0000059D	ERROR_NO_SYSTEM_MENU	The window does not have a system menu.
0000059E	ERROR_INVALID_MSGBOX_STYLE	Invalid message box style.
0000059F	ERROR_INVALID_SPI_VALUE	Invalid system-wide (SPI_*) parameter.
000005A0	ERROR_SCREEN_ALREADY_LOCKED	Screen already locked.
000005A1	ERROR_HWNDS_HAVE_DIFF_PARENT	All handles to windows in a multiple-window position structure must have the same parent.
000005A2	ERROR_NOT_CHILD_WINDOW	The window is not a child window.
000005A3	ERROR_INVALID_GW_COMMAND	Invalid GW_* command.
000005A4	ERROR_INVALID_THREAD_ID	Invalid thread identifier.
000005A5	ERROR_NON_MDICHILD_WINDOW	Cannot process a message from a window that is not a multiple document interface (MDI) window.
000005A6	ERROR_POPUP_ALREADY_ACTIVE	Pop-up menu already active.
000005A7	ERROR_NO_SCROLLBARS	The window does not have scroll bars.
000005A8	ERROR_INVALID_SCROLLBAR_RANGE	Scroll bar range cannot be greater than MAXLONG.
000005A9	ERROR_INVALID_SHOWWIN_COMMAND	Cannot show or remove the window in the way specified.
000005AA	ERROR_NO_SYSTEM_RESOURCES	Insufficient system resources exist to complete the requested service.
000005AB	ERROR_NONPAGED_SYSTEM_RESOURCES	Insufficient system resources exist to complete the requested service.
000005AC	ERROR_PAGED_SYSTEM_RESOURCES	Insufficient system resources exist to complete the requested service.
000005AD	ERROR_WORKING_SET_QUOTA	Insufficient quota to complete the requested service.
000005AE	ERROR_PAGEFILE_QUOTA	Insufficient quota to complete the requested service.
000005AF	ERROR_COMMITMENT_LIMIT	The paging file is too small for this operation to complete.
000005B0	ERROR_MENU_ITEM_NOT_FOUND	A menu item was not found.
000005B1	ERROR_INVALID_KEYBOARD_HANDLE	Invalid keyboard layout handle.
000005B2	ERROR_HOOK_TYPE_NOT_ALLOWED	Hook type not allowed.
000005B3	ERROR_REQUIRES_INTERACTIVE_WINDOWSTATION	This operation requires an interactive window station.
000005B4	ERROR_TIMEOUT	This operation returned because the time-out period expired.
000005B5	ERROR_INVALID_MONITOR_HANDLE	Invalid monitor handle.
000005B6	ERROR_INCORRECT_SIZE	Incorrect size argument.
000005B7	ERROR_SYMLINK_CLASS_DISABLED	The symbolic link cannot be followed because its type is disabled.
000005B8	ERROR_SYMLINK_NOT_SUPPORTED	This application does not support the current operation on symbolic links.
000005DC	ERROR_EVENTLOG_FILE_CORRUPT	The event log file is corrupted.
000005DD	ERROR_EVENTLOG_CANT_START	No event log file could be opened, so the event logging service did not start.
000005DE	ERROR_LOG_FILE_FULL	The event log file is full.
000005DF	ERROR_EVENTLOG_FILE_CHANGED	The event log file has changed between read operations.
0000060E	ERROR_INVALID_TASK_NAME	The specified task name is invalid.
0000060F	ERROR_INVALID_TASK_INDEX	The specified task index is invalid.
00000610	ERROR_THREAD_ALREADY_IN_TASK	The specified thread is already joining a task.
00000641	ERROR_INSTALL_SERVICE_FAILURE	The Windows Installer service could not be accessed. This can occur if the Windows Installer is not correctly installed. Contact your support personnel for assistance.
00000642	ERROR_INSTALL_USEREXIT	User canceled installation.
00000643	ERROR_INSTALL_FAILURE	Fatal error during installation.
00000644	ERROR_INSTALL_SUSPEND	Installation suspended, incomplete.
00000645	ERROR_UNKNOWN_PRODUCT	This action is valid only for products that are currently installed.
00000646	ERROR_UNKNOWN_FEATURE	Feature ID not registered.
00000647	ERROR_UNKNOWN_COMPONENT	Component ID not registered.
00000648	ERROR_UNKNOWN_PROPERTY	Unknown property.
00000649	ERROR_INVALID_HANDLE_STATE	Handle is in an invalid state.
0000064A	ERROR_BAD_CONFIGURATION	The configuration data for this product is corrupt. Contact your support personnel.
0000064B	ERROR_INDEX_ABSENT	Component qualifier not present.
0000064C	ERROR_INSTALL_SOURCE_ABSENT	The installation source for this product is not available. Verify that the source exists and that you can access it.
0000064D	ERROR_INSTALL_PACKAGE_VERSION	This installation package cannot be installed by the Windows Installer service. You must install a Windows service pack that contains a newer version of the Windows Installer service.
0000064E	ERROR_PRODUCT_UNINSTALLED	Product is uninstalled.
0000064F	ERROR_BAD_QUERY_SYNTAX	SQL query syntax invalid or unsupported.
00000650	ERROR_INVALID_FIELD	Record field does not exist.
00000651	ERROR_DEVICE_REMOVED	The device has been removed.
00000652	ERROR_INSTALL_ALREADY_RUNNING	Another installation is already in progress. Complete that installation before proceeding with this install.
00000653	ERROR_INSTALL_PACKAGE_OPEN_FAILED	This installation package could not be opened. Verify that the package exists and that you can access it, or contact the application vendor to verify that this is a valid Windows Installer package.
00000654	ERROR_INSTALL_PACKAGE_INVALID	This installation package could not be opened. Contact the application vendor to verify that this is a valid Windows Installer package.
00000655	ERROR_INSTALL_UI_FAILURE	There was an error starting the Windows Installer service user interface. Contact your support personnel.
00000656	ERROR_INSTALL_LOG_FAILURE	Error opening installation log file. Verify that the specified log file location exists and that you can write to it.
00000657	ERROR_INSTALL_LANGUAGE_UNSUPPORTED	The language of this installation package is not supported by your system.
00000658	ERROR_INSTALL_TRANSFORM_FAILURE	Error applying transforms. Verify that the specified transform paths are valid.
00000659	ERROR_INSTALL_PACKAGE_REJECTED	This installation is forbidden by system policy. Contact your system administrator.
0000065A	ERROR_FUNCTION_NOT_CALLED	Function could not be executed.
0000065B	ERROR_FUNCTION_FAILED	Function failed during execution.
0000065C	ERROR_INVALID_TABLE	Invalid or unknown table specified.
0000065D	ERROR_DATATYPE_MISMATCH	Data supplied is of wrong type.
0000065E	ERROR_UNSUPPORTED_TYPE	Data of this type is not supported.
0000065F	ERROR_CREATE_FAILED	The Windows Installer service failed to start. Contact your support personnel.
00000660	ERROR_INSTALL_TEMP_UNWRITABLE	The Temp folder is on a drive that is full or is inaccessible. Free up space on the drive or verify that you have write permission on the Temp folder.
00000661	ERROR_INSTALL_PLATFORM_UNSUPPORTED	This installation package is not supported by this processor type. Contact your product vendor.
00000662	ERROR_INSTALL_NOTUSED	Component not used on this computer.
00000663	ERROR_PATCH_PACKAGE_OPEN_FAILED	This update package could not be opened. Verify that the update package exists and that you can access it, or contact the application vendor to verify that this is a valid Windows Installer update package.
00000664	ERROR_PATCH_PACKAGE_INVALID	This update package could not be opened. Contact the application vendor to verify that this is a valid Windows Installer update package.
00000665	ERROR_PATCH_PACKAGE_UNSUPPORTED	This update package cannot be processed by the Windows Installer service. You must install a Windows service pack that contains a newer version of the Windows Installer service.
00000666	ERROR_PRODUCT_VERSION	Another version of this product is already installed. Installation of this version cannot continue. To configure or remove the existing version of this product, use Add/Remove Programs in Control Panel.
00000667	ERROR_INVALID_COMMAND_LINE	Invalid command-line argument. Consult the Windows Installer SDK for detailed command line help.
00000668	ERROR_INSTALL_REMOTE_DISALLOWED	Only administrators have permission to add, remove, or configure server software during a Terminal Services remote session. If you want to install or configure software on the server, contact your network administrator.
00000669	ERROR_SUCCESS_REBOOT_INITIATED	The requested operation completed successfully. The system will be restarted so the changes can take effect.
0000066A	ERROR_PATCH_TARGET_NOT_FOUND	The upgrade cannot be installed by the Windows Installer service because the program to be upgraded might be missing, or the upgrade might update a different version of the program. Verify that the program to be upgraded exists on your computer and that you have the correct upgrade.
0000066B	ERROR_PATCH_PACKAGE_REJECTED	The update package is not permitted by a software restriction policy.
0000066C	ERROR_INSTALL_TRANSFORM_REJECTED	One or more customizations are not permitted by a software restriction policy.
0000066D	ERROR_INSTALL_REMOTE_PROHIBITED	The Windows Installer does not permit installation from a Remote Desktop Connection.
0000066E	ERROR_PATCH_REMOVAL_UNSUPPORTED	Uninstallation of the update package is not supported.
0000066F	ERROR_UNKNOWN_PATCH	The update is not applied to this product.
00000670	ERROR_PATCH_NO_SEQUENCE	No valid sequence could be found for the set of updates.
00000671	ERROR_PATCH_REMOVAL_DISALLOWED	Update removal was disallowed by policy.
00000672	ERROR_INVALID_PATCH_XML	The XML update data is invalid.
00000673	ERROR_PATCH_MANAGED_ADVERTISED_PRODUCT	Windows Installer does not permit updating of managed advertised products. At least one feature of the product must be installed before applying the update.
00000674	ERROR_INSTALL_SERVICE_SAFEBOOT	The Windows Installer service is not accessible in Safe Mode. Try again when your computer is not in Safe Mode or you can use System Restore to return your machine to a previous good state.
000006A4	RPC_S_INVALID_STRING_BINDING	The string binding is invalid.
000006A5	RPC_S_WRONG_KIND_OF_BINDING	The binding handle is not the correct type.
000006A6	RPC_S_INVALID_BINDING	The binding handle is invalid.
000006A7	RPC_S_PROTSEQ_NOT_SUPPORTED	The RPC protocol sequence is not supported.
000006A8	RPC_S_INVALID_RPC_PROTSEQ	The RPC protocol sequence is invalid.
000006A9	RPC_S_INVALID_STRING_UUID	The string UUID is invalid.
000006AA	RPC_S_INVALID_ENDPOINT_FORMAT	The endpoint format is invalid.
000006AB	RPC_S_INVALID_NET_ADDR	The network address is invalid.
000006AC	RPC_S_NO_ENDPOINT_FOUND	No endpoint was found.
000006AD	RPC_S_INVALID_TIMEOUT	The time-out value is invalid.
000006AE	RPC_S_OBJECT_NOT_FOUND	The object UUID) was not found.
000006AF	RPC_S_ALREADY_REGISTERED	The object UUID) has already been registered.
000006B0	RPC_S_TYPE_ALREADY_REGISTERED	The type UUID has already been registered.
000006B1	RPC_S_ALREADY_LISTENING	The RPC server is already listening.
000006B2	RPC_S_NO_PROTSEQS_REGISTERED	No protocol sequences have been registered.
000006B3	RPC_S_NOT_LISTENING	The RPC server is not listening.
000006B4	RPC_S_UNKNOWN_MGR_TYPE	The manager type is unknown.
000006B5	RPC_S_UNKNOWN_IF	The interface is unknown.
000006B6	RPC_S_NO_BINDINGS	There are no bindings.
000006B7	RPC_S_NO_PROTSEQS	There are no protocol sequences.
000006B8	RPC_S_CANT_CREATE_ENDPOINT	The endpoint cannot be created.
000006B9	RPC_S_OUT_OF_RESOURCES	Not enough resources are available to complete this operation.
000006BA	RPC_S_SERVER_UNAVAILABLE	The RPC server is unavailable.
000006BB	RPC_S_SERVER_TOO_BUSY	The RPC server is too busy to complete this operation.
000006BC	RPC_S_INVALID_NETWORK_OPTIONS	The network options are invalid.
000006BD	RPC_S_NO_CALL_ACTIVE	There are no RPCs active on this thread.
000006BE	RPC_S_CALL_FAILED	The RPC failed.
000006BF	RPC_S_CALL_FAILED_DNE	The RPC failed and did not execute.
000006C0	RPC_S_PROTOCOL_ERROR	An RPC protocol error occurred.
000006C1	RPC_S_PROXY_ACCESS_DENIED	Access to the HTTP proxy is denied.
000006C2	RPC_S_UNSUPPORTED_TRANS_SYN	The transfer syntax is not supported by the RPC server.
000006C4	RPC_S_UNSUPPORTED_TYPE	The UUID type is not supported.
000006C5	RPC_S_INVALID_TAG	The tag is invalid.
000006C6	RPC_S_INVALID_BOUND	The array bounds are invalid.
000006C7	RPC_S_NO_ENTRY_NAME	The binding does not contain an entry name.
000006C8	RPC_S_INVALID_NAME_SYNTAX	The name syntax is invalid.
000006C9	RPC_S_UNSUPPORTED_NAME_SYNTAX	The name syntax is not supported.
000006CB	RPC_S_UUID_NO_ADDRESS	No network address is available to use to construct a UUID.
000006CC	RPC_S_DUPLICATE_ENDPOINT	The endpoint is a duplicate.
000006CD	RPC_S_UNKNOWN_AUTHN_TYPE	The authentication type is unknown.
000006CE	RPC_S_MAX_CALLS_TOO_SMALL	The maximum number of calls is too small.
000006CF	RPC_S_STRING_TOO_LONG	The string is too long.
000006D0	RPC_S_PROTSEQ_NOT_FOUND	The RPC protocol sequence was not found.
000006D1	RPC_S_PROCNUM_OUT_OF_RANGE	The procedure number is out of range.
000006D2	RPC_S_BINDING_HAS_NO_AUTH	The binding does not contain any authentication information.
000006D3	RPC_S_UNKNOWN_AUTHN_SERVICE	The authentication service is unknown.
000006D4	RPC_S_UNKNOWN_AUTHN_LEVEL	The authentication level is unknown.
000006D5	RPC_S_INVALID_AUTH_IDENTITY	The security context is invalid.
000006D6	RPC_S_UNKNOWN_AUTHZ_SERVICE	The authorization service is unknown.
000006D7	EPT_S_INVALID_ENTRY	The entry is invalid.
000006D8	EPT_S_CANT_PERFORM_OP	The server endpoint cannot perform the operation.
000006D9	EPT_S_NOT_REGISTERED	There are no more endpoints available from the endpoint mapper.
000006DA	RPC_S_NOTHING_TO_EXPORT	No interfaces have been exported.
000006DB	RPC_S_INCOMPLETE_NAME	The entry name is incomplete.
000006DC	RPC_S_INVALID_VERS_OPTION	The version option is invalid.
000006DD	RPC_S_NO_MORE_MEMBERS	There are no more members.
000006DE	RPC_S_NOT_ALL_OBJS_UNEXPORTED	There is nothing to unexport.
000006DF	RPC_S_INTERFACE_NOT_FOUND	The interface was not found.
000006E0	RPC_S_ENTRY_ALREADY_EXISTS	The entry already exists.
000006E1	RPC_S_ENTRY_NOT_FOUND	The entry is not found.
000006E2	RPC_S_NAME_SERVICE_UNAVAILABLE	The name service is unavailable.
000006E3	RPC_S_INVALID_NAF_ID	The network address family is invalid.
000006E4	RPC_S_CANNOT_SUPPORT	The requested operation is not supported.
000006E5	RPC_S_NO_CONTEXT_AVAILABLE	No security context is available to allow impersonation.
000006E6	RPC_S_INTERNAL_ERROR	An internal error occurred in an RPC.
000006E7	RPC_S_ZERO_DIVIDE	The RPC server attempted an integer division by zero.
000006E8	RPC_S_ADDRESS_ERROR	An addressing error occurred in the RPC server.
000006E9	RPC_S_FP_DIV_ZERO	A floating-point operation at the RPC server caused a division by zero.
000006EA	RPC_S_FP_UNDERFLOW	A floating-point underflow occurred at the RPC server.
000006EB	RPC_S_FP_OVERFLOW	A floating-point overflow occurred at the RPC server.
000006EC	RPC_X_NO_MORE_ENTRIES	The list of RPC servers available for the binding of auto handles has been exhausted.
000006ED	RPC_X_SS_CHAR_TRANS_OPEN_FAIL	Unable to open the character translation table file.
000006EE	RPC_X_SS_CHAR_TRANS_SHORT_FILE	The file containing the character translation table has fewer than 512 bytes.
000006EF	RPC_X_SS_IN_NULL_CONTEXT	A null context handle was passed from the client to the host during an RPC.
000006F1	RPC_X_SS_CONTEXT_DAMAGED	The context handle changed during an RPC.
000006F2	RPC_X_SS_HANDLES_MISMATCH	The binding handles passed to an RPC do not match.
000006F3	RPC_X_SS_CANNOT_GET_CALL_HANDLE	The stub is unable to get the RPC handle.
000006F4	RPC_X_NULL_REF_POINTER	A null reference pointer was passed to the stub.
000006F5	RPC_X_ENUM_VALUE_OUT_OF_RANGE	The enumeration value is out of range.
000006F6	RPC_X_BYTE_COUNT_TOO_SMALL	The byte count is too small.
000006F7	RPC_X_BAD_STUB_DATA	The stub received bad data.
000006F8	ERROR_INVALID_USER_BUFFER	The supplied user buffer is not valid for the requested operation.
000006F9	ERROR_UNRECOGNIZED_MEDIA	The disk media is not recognized. It might not be formatted.
000006FA	ERROR_NO_TRUST_LSA_SECRET	The workstation does not have a trust secret.
000006FB	ERROR_NO_TRUST_SAM_ACCOUNT	The security database on the server does not have a computer account for this workstation trust relationship.
000006FC	ERROR_TRUSTED_DOMAIN_FAILURE	The trust relationship between the primary domain and the trusted domain failed.
000006FD	ERROR_TRUSTED_RELATIONSHIP_FAILURE	The trust relationship between this workstation and the primary domain failed.
000006FE	ERROR_TRUST_FAILURE	The network logon failed.
000006FF	RPC_S_CALL_IN_PROGRESS	An RPC is already in progress for this thread.
00000700	ERROR_NETLOGON_NOT_STARTED	An attempt was made to log on, but the network logon service was not started.
00000701	ERROR_ACCOUNT_EXPIRED	The user's account has expired.
00000702	ERROR_REDIRECTOR_HAS_OPEN_HANDLES	The redirector is in use and cannot be unloaded.
00000703	ERROR_PRINTER_DRIVER_ALREADY_INSTALLED	The specified printer driver is already installed.
00000704	ERROR_UNKNOWN_PORT	The specified port is unknown.
00000705	ERROR_UNKNOWN_PRINTER_DRIVER	The printer driver is unknown.
00000706	ERROR_UNKNOWN_PRINTPROCESSOR	The print processor is unknown.
00000707	ERROR_INVALID_SEPARATOR_FILE	The specified separator file is invalid.
00000708	ERROR_INVALID_PRIORITY	The specified priority is invalid.
00000709	ERROR_INVALID_PRINTER_NAME	The printer name is invalid.
0000070A	ERROR_PRINTER_ALREADY_EXISTS	The printer already exists.
0000070B	ERROR_INVALID_PRINTER_COMMAND	The printer command is invalid.
0000070C	ERROR_INVALID_DATATYPE	The specified data type is invalid.
0000070D	ERROR_INVALID_ENVIRONMENT	The environment specified is invalid.
0000070E	RPC_S_NO_MORE_BINDINGS	There are no more bindings.
0000070F	ERROR_NOLOGON_INTERDOMAIN_TRUST_ACCOUNT	The account used is an interdomain trust account. Use your global user account or local user account to access this server.
00000710	ERROR_NOLOGON_WORKSTATION_TRUST_ACCOUNT	The account used is a computer account. Use your global user account or local user account to access this server.
00000711	ERROR_NOLOGON_SERVER_TRUST_ACCOUNT	The account used is a server trust account. Use your global user account or local user account to access this server.
00000712	ERROR_DOMAIN_TRUST_INCONSISTENT	The name or SID of the domain specified is inconsistent with the trust information for that domain.
00000713	ERROR_SERVER_HAS_OPEN_HANDLES	The server is in use and cannot be unloaded.
00000714	ERROR_RESOURCE_DATA_NOT_FOUND	The specified image file did not contain a resource section.
00000715	ERROR_RESOURCE_TYPE_NOT_FOUND	The specified resource type cannot be found in the image file.
00000716	ERROR_RESOURCE_NAME_NOT_FOUND	The specified resource name cannot be found in the image file.
00000717	ERROR_RESOURCE_LANG_NOT_FOUND	The specified resource language ID cannot be found in the image file.
00000718	ERROR_NOT_ENOUGH_QUOTA	Not enough quota is available to process this command.
00000719	RPC_S_NO_INTERFACES	No interfaces have been registered.
0000071A	RPC_S_CALL_CANCELLED	The RPC was canceled.
0000071B	RPC_S_BINDING_INCOMPLETE	The binding handle does not contain all the required information.
0000071C	RPC_S_COMM_FAILURE	A communications failure occurred during an RPC.
0000071D	RPC_S_UNSUPPORTED_AUTHN_LEVEL	The requested authentication level is not supported.
0000071E	RPC_S_NO_PRINC_NAME	No principal name is registered.
0000071F	RPC_S_NOT_RPC_ERROR	The error specified is not a valid Windows RPC error code.
00000720	RPC_S_UUID_LOCAL_ONLY	A UUID that is valid only on this computer has been allocated.
00000721	RPC_S_SEC_PKG_ERROR	A security package-specific error occurred.
00000722	RPC_S_NOT_CANCELLED	The thread is not canceled.
00000723	RPC_X_INVALID_ES_ACTION	Invalid operation on the encoding/decoding handle.
00000724	RPC_X_WRONG_ES_VERSION	Incompatible version of the serializing package.
00000725	RPC_X_WRONG_STUB_VERSION	Incompatible version of the RPC stub.
00000726	RPC_X_INVALID_PIPE_OBJECT	The RPC pipe object is invalid or corrupted.
00000727	RPC_X_WRONG_PIPE_ORDER	An invalid operation was attempted on an RPC pipe object.
00000728	RPC_X_WRONG_PIPE_VERSION	Unsupported RPC pipe version.
0000076A	RPC_S_GROUP_MEMBER_NOT_FOUND	The group member was not found.
0000076B	EPT_S_CANT_CREATE	The endpoint mapper database entry could not be created.
0000076C	RPC_S_INVALID_OBJECT	The object UUID is the nil UUID.
0000076D	ERROR_INVALID_TIME	The specified time is invalid.
0000076E	ERROR_INVALID_FORM_NAME	The specified form name is invalid.
0000076F	ERROR_INVALID_FORM_SIZE	The specified form size is invalid.
00000770	ERROR_ALREADY_WAITING	The specified printer handle is already being waited on.
00000771	ERROR_PRINTER_DELETED	The specified printer has been deleted.
00000772	ERROR_INVALID_PRINTER_STATE	The state of the printer is invalid.
00000773	ERROR_PASSWORD_MUST_CHANGE	The user's password must be changed before logging on the first time.
00000774	ERROR_DOMAIN_CONTROLLER_NOT_FOUND	Could not find the domain controller for this domain.
00000775	ERROR_ACCOUNT_LOCKED_OUT	The referenced account is currently locked out and cannot be logged on to.
00000776	OR_INVALID_OXID	The object exporter specified was not found.
00000777	OR_INVALID_OID	The object specified was not found.
00000778	OR_INVALID_SET	The object set specified was not found.
00000779	RPC_S_SEND_INCOMPLETE	Some data remains to be sent in the request buffer.
0000077A	RPC_S_INVALID_ASYNC_HANDLE	Invalid asynchronous RPC handle.
0000077B	RPC_S_INVALID_ASYNC_CALL	Invalid asynchronous RPC call handle for this operation.
0000077C	RPC_X_PIPE_CLOSED	The RPC pipe object has already been closed.
0000077D	RPC_X_PIPE_DISCIPLINE_ERROR	The RPC call completed before all pipes were processed.
0000077E	RPC_X_PIPE_EMPTY	No more data is available from the RPC pipe.
0000077F	ERROR_NO_SITENAME	No site name is available for this machine.
00000780	ERROR_CANT_ACCESS_FILE	The file cannot be accessed by the system.
00000781	ERROR_CANT_RESOLVE_FILENAME	The name of the file cannot be resolved by the system.
00000782	RPC_S_ENTRY_TYPE_MISMATCH	The entry is not of the expected type.
00000783	RPC_S_NOT_ALL_OBJS_EXPORTED	Not all object UUIDs could be exported to the specified entry.
00000784	RPC_S_INTERFACE_NOT_EXPORTED	The interface could not be exported to the specified entry.
00000785	RPC_S_PROFILE_NOT_ADDED	The specified profile entry could not be added.
00000786	RPC_S_PRF_ELT_NOT_ADDED	The specified profile element could not be added.
00000787	RPC_S_PRF_ELT_NOT_REMOVED	The specified profile element could not be removed.
00000788	RPC_S_GRP_ELT_NOT_ADDED	The group element could not be added.
00000789	RPC_S_GRP_ELT_NOT_REMOVED	The group element could not be removed.
0000078A	ERROR_KM_DRIVER_BLOCKED	The printer driver is not compatible with a policy enabled on your computer that blocks Windows NT 4.0 operating system drivers.
0000078B	ERROR_CONTEXT_EXPIRED	The context has expired and can no longer be used.
0000078C	ERROR_PER_USER_TRUST_QUOTA_EXCEEDED	The current user's delegated trust creation quota has been exceeded.
0000078D	ERROR_ALL_USER_TRUST_QUOTA_EXCEEDED	The total delegated trust creation quota has been exceeded.
0000078E	ERROR_USER_DELETE_TRUST_QUOTA_EXCEEDED	The current user's delegated trust deletion quota has been exceeded.
0000078F	ERROR_AUTHENTICATION_FIREWALL_FAILED	Logon failure: The machine you are logging on to is protected by an authentication firewall. The specified account is not allowed to authenticate to the machine.
00000790	ERROR_REMOTE_PRINT_CONNECTIONS_BLOCKED	Remote connections to the Print Spooler are blocked by a policy set on your machine.
000007D0	ERROR_INVALID_PIXEL_FORMAT	The pixel format is invalid.
000007D1	ERROR_BAD_DRIVER	The specified driver is invalid.
000007D2	ERROR_INVALID_WINDOW_STYLE	The window style or class attribute is invalid for this operation.
000007D3	ERROR_METAFILE_NOT_SUPPORTED	The requested metafile operation is not supported.
000007D4	ERROR_TRANSFORM_NOT_SUPPORTED	The requested transformation operation is not supported.
000007D5	ERROR_CLIPPING_NOT_SUPPORTED	The requested clipping operation is not supported.
000007DA	ERROR_INVALID_CMM	The specified color management module is invalid.
000007DB	ERROR_INVALID_PROFILE	The specified color profile is invalid.
000007DC	ERROR_TAG_NOT_FOUND	The specified tag was not found.
000007DD	ERROR_TAG_NOT_PRESENT	A required tag is not present.
000007DE	ERROR_DUPLICATE_TAG	The specified tag is already present.
000007DF	ERROR_PROFILE_NOT_ASSOCIATED_WITH_DEVICE	The specified color profile is not associated with any device.
000007E0	ERROR_PROFILE_NOT_FOUND	The specified color profile was not found.
000007E1	ERROR_INVALID_COLORSPACE	The specified color space is invalid.
000007E2	ERROR_ICM_NOT_ENABLED	Image Color Management is not enabled.
000007E3	ERROR_DELETING_ICM_XFORM	There was an error while deleting the color transform.
000007E4	ERROR_INVALID_TRANSFORM	The specified color transform is invalid.
000007E5	ERROR_COLORSPACE_MISMATCH	The specified transform does not match the bitmap's color space.
000007E6	ERROR_INVALID_COLORINDEX	The specified named color index is not present in the profile.
000007E7	ERROR_PROFILE_DOES_NOT_MATCH_DEVICE	The specified profile is intended for a device of a different type than the specified device.
00000836	NERR_NetNotStarted	The workstation driver is not installed.
00000837	NERR_UnknownServer	The server could not be located.
00000838	NERR_ShareMem	An internal error occurred. The network cannot access a shared memory segment.
00000839	NERR_NoNetworkResource	A network resource shortage occurred.
0000083A	NERR_RemoteOnly	This operation is not supported on workstations.
0000083B	NERR_DevNotRedirected	The device is not connected.
0000083C	ERROR_CONNECTED_OTHER_PASSWORD	The network connection was made successfully, but the user had to be prompted for a password other than the one originally specified.
0000083D	ERROR_CONNECTED_OTHER_PASSWORD_DEFAULT	The network connection was made successfully using default credentials.
00000842	NERR_ServerNotStarted	The Server service is not started.
00000843	NERR_ItemNotFound	The queue is empty.
00000844	NERR_UnknownDevDir	The device or directory does not exist.
00000845	NERR_RedirectedPath	The operation is invalid on a redirected resource.
00000846	NERR_DuplicateShare	The name has already been shared.
00000847	NERR_NoRoom	The server is currently out of the requested resource.
00000849	NERR_TooManyItems	Requested addition of items exceeds the maximum allowed.
0000084A	NERR_InvalidMaxUsers	The Peer service supports only two simultaneous users.
0000084B	NERR_BufTooSmall	The API return buffer is too small.
0000084F	NERR_RemoteErr	A remote API error occurred.
00000853	NERR_LanmanIniError	An error occurred when opening or reading the configuration file.
00000858	NERR_NetworkError	A general network error occurred.
00000859	NERR_WkstaInconsistentState	The Workstation service is in an inconsistent state. Restart the computer before restarting the Workstation service.
0000085A	NERR_WkstaNotStarted	The Workstation service has not been started.
0000085B	NERR_BrowserNotStarted	The requested information is not available.
0000085C	NERR_InternalError	An internal error occurred.
0000085D	NERR_BadTransactConfig	The server is not configured for transactions.
0000085E	NERR_InvalidAPI	The requested API is not supported on the remote server.
0000085F	NERR_BadEventName	The event name is invalid.
00000860	NERR_DupNameReboot	The computer name already exists on the network. Change it and reboot the computer.
00000862	NERR_CfgCompNotFound	The specified component could not be found in the configuration information.
00000863	NERR_CfgParamNotFound	The specified parameter could not be found in the configuration information.
00000865	NERR_LineTooLong	A line in the configuration file is too long.
00000866	NERR_QNotFound	The printer does not exist.
00000867	NERR_JobNotFound	The print job does not exist.
00000868	NERR_DestNotFound	The printer destination cannot be found.
00000869	NERR_DestExists	The printer destination already exists.
0000086A	NERR_QExists	The print queue already exists.
0000086B	NERR_QNoRoom	No more printers can be added.
0000086C	NERR_JobNoRoom	No more print jobs can be added.
0000086D	NERR_DestNoRoom	No more printer destinations can be added.
0000086E	NERR_DestIdle	This printer destination is idle and cannot accept control operations.
0000086F	NERR_DestInvalidOp	This printer destination request contains an invalid control function.
00000870	NERR_ProcNoRespond	The print processor is not responding.
00000871	NERR_SpoolerNotLoaded	The spooler is not running.
00000872	NERR_DestInvalidState	This operation cannot be performed on the print destination in its current state.
00000873	NERR_QinvalidState	This operation cannot be performed on the print queue in its current state.
00000874	NERR_JobInvalidState	This operation cannot be performed on the print job in its current state.
00000875	NERR_SpoolNoMemory	A spooler memory allocation failure occurred.
00000876	NERR_DriverNotFound	The device driver does not exist.
00000877	NERR_DataTypeInvalid	The data type is not supported by the print processor.
00000878	NERR_ProcNotFound	The print processor is not installed.
00000884	NERR_ServiceTableLocked	The service database is locked.
00000885	NERR_ServiceTableFull	The service table is full.
00000886	NERR_ServiceInstalled	The requested service has already been started.
00000887	NERR_ServiceEntryLocked	The service does not respond to control actions.
00000888	NERR_ServiceNotInstalled	The service has not been started.
00000889	NERR_BadServiceName	The service name is invalid.
0000088A	NERR_ServiceCtlTimeout	The service is not responding to the control function.
0000088B	NERR_ServiceCtlBusy	The service control is busy.
0000088C	NERR_BadServiceProgName	The configuration file contains an invalid service program name.
0000088D	NERR_ServiceNotCtrl	The service could not be controlled in its present state.
0000088E	NERR_ServiceKillProc	The service ended abnormally.
0000088F	NERR_ServiceCtlNotValid	The requested pause or stop is not valid for this service.
00000890	NERR_NotInDispatchTbl	The service control dispatcher could not find the service name in the dispatch table.
00000891	NERR_BadControlRecv	The service control dispatcher pipe read failed.
00000892	NERR_ServiceNotStarting	A thread for the new service could not be created.
00000898	NERR_AlreadyLoggedOn	This workstation is already logged on to the LAN.
00000899	NERR_NotLoggedOn	The workstation is not logged on to the LAN.
0000089A	NERR_BadUsername	The user name or group name parameter is invalid.
0000089B	NERR_BadPassword	The password parameter is invalid.
0000089C	NERR_UnableToAddName_W	The logon processor did not add the message alias.
0000089D	NERR_UnableToAddName_F	The logon processor did not add the message alias.
0000089E	NERR_UnableToDelName_W	The logoff processor did not delete the message alias.
0000089F	NERR_UnableToDelName_F	The logoff processor did not delete the message alias.
000008A1	NERR_LogonsPaused	Network logons are paused.
000008A2	NERR_LogonServerConflict	A centralized logon server conflict occurred.
000008A3	NERR_LogonNoUserPath	The server is configured without a valid user path.
000008A4	NERR_LogonScriptError	An error occurred while loading or running the logon script.
000008A6	NERR_StandaloneLogon	The logon server was not specified. The computer will be logged on as STANDALONE.
000008A7	NERR_LogonServerNotFound	The logon server could not be found.
000008A8	NERR_LogonDomainExists	There is already a logon domain for this computer.
000008A9	NERR_NonValidatedLogon	The logon server could not validate the logon.
000008AB	NERR_ACFNotFound	The security database could not be found.
000008AC	NERR_GroupNotFound	The group name could not be found.
000008AD	NERR_UserNotFound	The user name could not be found.
000008AE	NERR_ResourceNotFound	The resource name could not be found.
000008AF	NERR_GroupExists	The group already exists.
000008B0	NERR_UserExists	The user account already exists.
000008B1	NERR_ResourceExists	The resource permission list already exists.
000008B2	NERR_NotPrimary	This operation is allowed only on the PDC of the domain.
000008B3	NERR_ACFNotLoaded	The security database has not been started.
000008B4	NERR_ACFNoRoom	There are too many names in the user accounts database.
000008B5	NERR_ACFFileIOFail	A disk I/O failure occurred.
000008B6	NERR_ACFTooManyLists	The limit of 64 entries per resource was exceeded.
000008B7	NERR_UserLogon	Deleting a user with a session is not allowed.
000008B8	NERR_ACFNoParent	The parent directory could not be located.
000008B9	NERR_CanNotGrowSegment	Unable to add to the security database session cache segment.
000008BA	NERR_SpeGroupOp	This operation is not allowed on this special group.
000008BB	NERR_NotInCache	This user is not cached in the user accounts database session cache.
000008BC	NERR_UserInGroup	The user already belongs to this group.
000008BD	NERR_UserNotInGroup	The user does not belong to this group.
000008BE	NERR_AccountUndefined	This user account is undefined.
000008BF	NERR_AccountExpired	This user account has expired.
000008C0	NERR_InvalidWorkstation	The user is not allowed to log on from this workstation.
000008C1	NERR_InvalidLogonHours	The user is not allowed to log on at this time.
000008C2	NERR_PasswordExpired	The password of this user has expired.
000008C3	NERR_PasswordCantChange	The password of this user cannot change.
000008C4	NERR_PasswordHistConflict	This password cannot be used now.
000008C5	NERR_PasswordTooShort	The password does not meet the password policy requirements. Check the minimum password length, password complexity, and password history requirements.
000008C6	NERR_PasswordTooRecent	The password of this user is too recent to change.
000008C7	NERR_InvalidDatabase	The security database is corrupted.
000008C8	NERR_DatabaseUpToDate	No updates are necessary to this replicant network or local security database.
000008C9	NERR_SyncRequired	This replicant database is outdated; synchronization is required.
000008CA	NERR_UseNotFound	The network connection could not be found.
000008CB	NERR_BadAsgType	This asg_type is invalid.
000008CC	NERR_DeviceIsShared	This device is currently being shared.
000008DE	NERR_NoComputerName	The computer name could not be added as a message alias. The name might already exist on the network.
000008DF	NERR_MsgAlreadyStarted	The Messenger service is already started.
000008E0	NERR_MsgInitFailed	The Messenger service failed to start.
000008E1	NERR_NameNotFound	The message alias could not be found on the network.
000008E2	NERR_AlreadyForwarded	This message alias has already been forwarded.
000008E3	NERR_AddForwarded	This message alias has been added but is still forwarded.
000008E4	NERR_AlreadyExists	This message alias already exists locally.
000008E5	NERR_TooManyNames	The maximum number of added message aliases has been exceeded.
000008E6	NERR_DelComputerName	The computer name could not be deleted.
000008E7	NERR_LocalForward	Messages cannot be forwarded back to the same workstation.
000008E8	NERR_GrpMsgProcessor	An error occurred in the domain message processor.
000008E9	NERR_PausedRemote	The message was sent, but the recipient has paused the Messenger service.
000008EA	NERR_BadReceive	The message was sent but not received.
000008EB	NERR_NameInUse	The message alias is currently in use. Try again later.
000008EC	NERR_MsgNotStarted	The Messenger service has not been started.
000008ED	NERR_NotLocalName	The name is not on the local computer.
000008EE	NERR_NoForwardName	The forwarded message alias could not be found on the network.
000008EF	NERR_RemoteFull	The message alias table on the remote station is full.
000008F0	NERR_NameNotForwarded	Messages for this alias are not currently being forwarded.
000008F1	NERR_TruncatedBroadcast	The broadcast message was truncated.
000008F6	NERR_InvalidDevice	This is an invalid device name.
000008F7	NERR_WriteFault	A write fault occurred.
000008F9	NERR_DuplicateName	A duplicate message alias exists on the network.
000008FA	NERR_DeleteLater	This message alias will be deleted later.
000008FB	NERR_IncompleteDel	The message alias was not successfully deleted from all networks.
000008FC	NERR_MultipleNets	This operation is not supported on computers with multiple networks.
00000906	NERR_NetNameNotFound	This shared resource does not exist.
00000907	NERR_DeviceNotShared	This device is not shared.
00000908	NERR_ClientNameNotFound	A session does not exist with that computer name.
0000090A	NERR_FileIdNotFound	There is not an open file with that identification number.
0000090B	NERR_ExecFailure	A failure occurred when executing a remote administration command.
0000090C	NERR_TmpFile	A failure occurred when opening a remote temporary file.
0000090D	NERR_TooMuchData	The data returned from a remote administration command has been truncated to 64 KB.
0000090E	NERR_DeviceShareConflict	This device cannot be shared as both a spooled and a nonspooled resource.
0000090F	NERR_BrowserTableIncomplete	The information in the list of servers might be incorrect.
00000910	NERR_NotLocalDomain	The computer is not active in this domain.
00000911	NERR_IsDfsShare	The share must be removed from the Distributed File System (DFS) before it can be deleted.
0000091B	NERR_DevInvalidOpCode	The operation is invalid for this device.
0000091C	NERR_DevNotFound	This device cannot be shared.
0000091D	NERR_DevNotOpen	This device was not open.
0000091E	NERR_BadQueueDevString	This device name list is invalid.
0000091F	NERR_BadQueuePriority	The queue priority is invalid.
00000921	NERR_NoCommDevs	There are no shared communication devices.
00000922	NERR_QueueNotFound	The queue you specified does not exist.
00000924	NERR_BadDevString	This list of devices is invalid.
00000925	NERR_BadDev	The requested device is invalid.
00000926	NERR_InUseBySpooler	This device is already in use by the spooler.
00000927	NERR_CommDevInUse	This device is already in use as a communication device.
0000092F	NERR_InvalidComputer	This computer name is invalid.
00000932	NERR_MaxLenExceeded	The string and prefix specified are too long.
00000934	NERR_BadComponent	This path component is invalid.
00000935	NERR_CantType	Could not determine the type of input.
0000093A	NERR_TooManyEntries	The buffer for types is not big enough.
00000942	NERR_ProfileFileTooBig	Profile files cannot exceed 64 KB.
00000943	NERR_ProfileOffset	The start offset is out of range.
00000944	NERR_ProfileCleanup	The system cannot delete current connections to network resources.
00000945	NERR_ProfileUnknownCmd	The system was unable to parse the command line in this file.
00000946	NERR_ProfileLoadErr	An error occurred while loading the profile file.
00000947	NERR_ProfileSaveErr	Errors occurred while saving the profile file. The profile was partially saved.
00000949	NERR_LogOverflow	Log file %1 is full.
0000094A	NERR_LogFileChanged	This log file has changed between reads.
0000094B	NERR_LogFileCorrupt	Log file %1 is corrupt.
0000094C	NERR_SourceIsDir	The source path cannot be a directory.
0000094D	NERR_BadSource	The source path is illegal.
0000094E	NERR_BadDest	The destination path is illegal.
0000094F	NERR_DifferentServers	The source and destination paths are on different servers.
00000951	NERR_RunSrvPaused	The Run server you requested is paused.
00000955	NERR_ErrCommRunSrv	An error occurred when communicating with a Run server.
00000957	NERR_ErrorExecingGhost	An error occurred when starting a background process.
00000958	NERR_ShareNotFound	The shared resource you are connected to could not be found.
00000960	NERR_InvalidLana	The LAN adapter number is invalid.
00000961	NERR_OpenFiles	There are open files on the connection.
00000962	NERR_ActiveConns	Active connections still exist.
00000963	NERR_BadPasswordCore	This share name or password is invalid.
00000964	NERR_DevInUse	The device is being accessed by an active process.
00000965	NERR_LocalDrive	The drive letter is in use locally.
0000097E	NERR_AlertExists	The specified client is already registered for the specified event.
0000097F	NERR_TooManyAlerts	The alert table is full.
00000980	NERR_NoSuchAlert	An invalid or nonexistent alert name was raised.
00000981	NERR_BadRecipient	The alert recipient is invalid.
00000982	NERR_AcctLimitExceeded	A user's session with this server has been deleted.
00000988	NERR_InvalidLogSeek	The log file does not contain the requested record number.
00000992	NERR_BadUasConfig	The user accounts database is not configured correctly.
00000993	NERR_InvalidUASOp	This operation is not permitted when the Net Logon service is running.
00000994	NERR_LastAdmin	This operation is not allowed on the last administrative account.
00000995	NERR_DCNotFound	Could not find the domain controller for this domain.
00000996	NERR_LogonTrackingError	Could not set logon information for this user.
00000997	NERR_NetlogonNotStarted	The Net Logon service has not been started.
00000998	NERR_CanNotGrowUASFile	Unable to add to the user accounts database.
00000999	NERR_TimeDiffAtDC	This server's clock is not synchronized with the PDC's clock.
0000099A	NERR_PasswordMismatch	A password mismatch has been detected.
0000099C	NERR_NoSuchServer	The server identification does not specify a valid server.
0000099D	NERR_NoSuchSession	The session identification does not specify a valid session.
0000099E	NERR_NoSuchConnection	The connection identification does not specify a valid connection.
0000099F	NERR_TooManyServers	There is no space for another entry in the table of available servers.
000009A0	NERR_TooManySessions	The server has reached the maximum number of sessions it supports.
000009A1	NERR_TooManyConnections	The server has reached the maximum number of connections it supports.
000009A2	NERR_TooManyFiles	The server cannot open more files because it has reached its maximum number.
000009A3	NERR_NoAlternateServers	There are no alternate servers registered on this server.
000009A6	NERR_TryDownLevel	Try the down-level (remote admin protocol) version of API instead.
000009B0	NERR_UPSDriverNotStarted	The uninterruptible power supply (UPS) driver could not be accessed by the UPS service.
000009B1	NERR_UPSInvalidConfig	The UPS service is not configured correctly.
000009B2	NERR_UPSInvalidCommPort	The UPS service could not access the specified Comm Port.
000009B3	NERR_UPSSignalAsserted	The UPS indicated a line fail or low battery situation. Service not started.
000009B4	NERR_UPSShutdownFailed	The UPS service failed to perform a system shut down.
000009C4	NERR_BadDosRetCode	The program below returned an MS-DOS error code.
000009C5	NERR_ProgNeedsExtraMem	The program below needs more memory.
000009C6	NERR_BadDosFunction	The program below called an unsupported MS-DOS function.
000009C7	NERR_RemoteBootFailed	The workstation failed to boot.
000009C8	NERR_BadFileCheckSum	The file below is corrupt.
000009C9	NERR_NoRplBootSystem	No loader is specified in the boot-block definition file.
000009CA	NERR_RplLoadrNetBiosErr	NetBIOS returned an error: The network control blocks (NCBs) and Server Message Block (SMB) are dumped above.
000009CB	NERR_RplLoadrDiskErr	A disk I/O error occurred.
000009CC	NERR_ImageParamErr	Image parameter substitution failed.
000009CD	NERR_TooManyImageParams	Too many image parameters cross disk sector boundaries.
000009CE	NERR_NonDosFloppyUsed	The image was not generated from an MS-DOS disk formatted with /S.
000009CF	NERR_RplBootRestart	Remote boot will be restarted later.
000009D0	NERR_RplSrvrCallFailed	The call to the Remoteboot server failed.
000009D1	NERR_CantConnectRplSrvr	Cannot connect to the Remoteboot server.
000009D2	NERR_CantOpenImageFile	Cannot open image file on the Remoteboot server.
000009D3	NERR_CallingRplSrvr	Connecting to the Remoteboot server.
000009D4	NERR_StartingRplBoot	Connecting to the Remoteboot server.
000009D5	NERR_RplBootServiceTerm	Remote boot service was stopped, check the error log for the cause of the problem.
000009D6	NERR_RplBootStartFailed	Remote boot startup failed; check the error log for the cause of the problem.
000009D7	NERR_RPL_CONNECTED	A second connection to a Remoteboot resource is not allowed.
000009F6	NERR_BrowserConfiguredToNotRun	The browser service was configured with MaintainServerList=No.
00000A32	NERR_RplNoAdaptersStarted	Service failed to start because none of the network adapters started with this service.
00000A33	NERR_RplBadRegistry	Service failed to start due to bad startup information in the registry.
00000A34	NERR_RplBadDatabase	Service failed to start because its database is absent or corrupt.
00000A35	NERR_RplRplfilesShare	Service failed to start because the RPLFILES share is absent.
00000A36	NERR_RplNotRplServer	Service failed to start because the RPLUSER group is absent.
00000A37	NERR_RplCannotEnum	Cannot enumerate service records.
00000A38	NERR_RplWkstaInfoCorrupted	Workstation record information has been corrupted.
00000A39	NERR_RplWkstaNotFound	Workstation record was not found.
00000A3A	NERR_RplWkstaNameUnavailable	Workstation name is in use by some other workstation.
00000A3B	NERR_RplProfileInfoCorrupted	Profile record information has been corrupted.
00000A3C	NERR_RplProfileNotFound	Profile record was not found.
00000A3D	NERR_RplProfileNameUnavailable	Profile name is in use by some other profile.
00000A3E	NERR_RplProfileNotEmpty	There are workstations using this profile.
00000A3F	NERR_RplConfigInfoCorrupted	Configuration record information has been corrupted.
00000A40	NERR_RplConfigNotFound	Configuration record was not found.
00000A41	NERR_RplAdapterInfoCorrupted	Adapter ID record information has been corrupted.
00000A42	NERR_RplInternal	An internal service error has occurred.
00000A43	NERR_RplVendorInfoCorrupted	Vendor ID record information has been corrupted.
00000A44	NERR_RplBootInfoCorrupted	Boot block record information has been corrupted.
00000A45	NERR_RplWkstaNeedsUserAcct	The user account for this workstation record is missing.
00000A46	NERR_RplNeedsRPLUSERAcct	The RPLUSER local group could not be found.
00000A47	NERR_RplBootNotFound	Boot block record was not found.
00000A48	NERR_RplIncompatibleProfile	Chosen profile is incompatible with this workstation.
00000A49	NERR_RplAdapterNameUnavailable	Chosen network adapter ID is in use by some other workstation.
00000A4A	NERR_RplConfigNotEmpty	There are profiles using this configuration.
00000A4B	NERR_RplBootInUse	There are workstations, profiles, or configurations using this boot block.
00000A4C	NERR_RplBackupDatabase	Service failed to back up the Remoteboot database.
00000A4D	NERR_RplAdapterNotFound	Adapter record was not found.
00000A4E	NERR_RplVendorNotFound	Vendor record was not found.
00000A4F	NERR_RplVendorNameUnavailable	Vendor name is in use by some other vendor record.
00000A50	NERR_RplBootNameUnavailable	The boot name or vendor ID is in use by some other boot block record.
00000A51	NERR_RplConfigNameUnavailable	The configuration name is in use by some other configuration.
00000A64	NERR_DfsInternalCorruption	The internal database maintained by the DFS service is corrupt.
00000A65	NERR_DfsVolumeDataCorrupt	One of the records in the internal DFS database is corrupt.
00000A66	NERR_DfsNoSuchVolume	There is no DFS name whose entry path matches the input entry path.
00000A67	NERR_DfsVolumeAlreadyExists	A root or link with the given name already exists.
00000A68	NERR_DfsAlreadyShared	The server share specified is already shared in the DFS.
00000A69	NERR_DfsNoSuchShare	The indicated server share does not support the indicated DFS namespace.
00000A6A	NERR_DfsNotALeafVolume	The operation is not valid in this portion of the namespace.
00000A6B	NERR_DfsLeafVolume	The operation is not valid in this portion of the namespace.
00000A6C	NERR_DfsVolumeHasMultipleServers	The operation is ambiguous because the link has multiple servers.
00000A6D	NERR_DfsCantCreateJunctionPoint	Unable to create a link.
00000A6E	NERR_DfsServerNotDfsAware	The server is not DFS-aware.
00000A6F	NERR_DfsBadRenamePath	The specified rename target path is invalid.
00000A70	NERR_DfsVolumeIsOffline	The specified DFS link is offline.
00000A71	NERR_DfsNoSuchServer	The specified server is not a server for this link.
00000A72	NERR_DfsCyclicalName	A cycle in the DFS name was detected.
00000A73	NERR_DfsNotSupportedInServerDfs	The operation is not supported on a server-based DFS.
00000A74	NERR_DfsDuplicateService	This link is already supported by the specified server share.
00000A75	NERR_DfsCantRemoveLastServerShare	Cannot remove the last server share supporting this root or link.
00000A76	NERR_DfsVolumeIsInterDfs	The operation is not supported for an inter-DFS link.
00000A77	NERR_DfsInconsistent	The internal state of the DFS Service has become inconsistent.
00000A78	NERR_DfsServerUpgraded	The DFS Service has been installed on the specified server.
00000A79	NERR_DfsDataIsIdentical	The DFS data being reconciled is identical.
00000A7A	NERR_DfsCantRemoveDfsRoot	The DFS root cannot be deleted. Uninstall DFS if required.
00000A7B	NERR_DfsChildOrParentInDfs	A child or parent directory of the share is already in a DFS.
00000A82	NERR_DfsInternalError	DFS internal error.
00000A83	NERR_SetupAlreadyJoined	This machine is already joined to a domain.
00000A84	NERR_SetupNotJoined	This machine is not currently joined to a domain.
00000A85	NERR_SetupDomainController	This machine is a domain controller and cannot be unjoined from a domain.
00000A86	NERR_DefaultJoinRequired	The destination domain controller does not support creating machine accounts in organizational units (OUs).
00000A87	NERR_InvalidWorkgroupName	The specified workgroup name is invalid.
00000A88	NERR_NameUsesIncompatibleCodePage	The specified computer name is incompatible with the default language used on the domain controller.
00000A89	NERR_ComputerAccountNotFound	The specified computer account could not be found.
00000A8A	NERR_PersonalSku	This version of Windows cannot be joined to a domain.
00000A8D	NERR_PasswordMustChange	The password must change at the next logon.
00000A8E	NERR_AccountLockedOut	The account is locked out.
00000A8F	NERR_PasswordTooLong	The password is too long.
00000A90	NERR_PasswordNotComplexEnough	The password does not meet the complexity policy.
00000A91	NERR_PasswordFilterError	The password does not meet the requirements of the password filter DLLs.
00000BB8	ERROR_UNKNOWN_PRINT_MONITOR	The specified print monitor is unknown.
00000BB9	ERROR_PRINTER_DRIVER_IN_USE	The specified printer driver is currently in use.
00000BBA	ERROR_SPOOL_FILE_NOT_FOUND	The spool file was not found.
00000BBB	ERROR_SPL_NO_STARTDOC	A StartDocPrinter call was not issued.
00000BBC	ERROR_SPL_NO_ADDJOB	An AddJob call was not issued.
00000BBD	ERROR_PRINT_PROCESSOR_ALREADY_INSTALLED	The specified print processor has already been installed.
00000BBE	ERROR_PRINT_MONITOR_ALREADY_INSTALLED	The specified print monitor has already been installed.
00000BBF	ERROR_INVALID_PRINT_MONITOR	The specified print monitor does not have the required functions.
00000BC0	ERROR_PRINT_MONITOR_IN_USE	The specified print monitor is currently in use.
00000BC1	ERROR_PRINTER_HAS_JOBS_QUEUED	The requested operation is not allowed when there are jobs queued to the printer.
00000BC2	ERROR_SUCCESS_REBOOT_REQUIRED	The requested operation is successful. Changes will not be effective until the system is rebooted.
00000BC3	ERROR_SUCCESS_RESTART_REQUIRED	The requested operation is successful. Changes will not be effective until the service is restarted.
00000BC4	ERROR_PRINTER_NOT_FOUND	No printers were found.
00000BC5	ERROR_PRINTER_DRIVER_WARNED	The printer driver is known to be unreliable.
00000BC6	ERROR_PRINTER_DRIVER_BLOCKED	The printer driver is known to harm the system.
00000BC7	ERROR_PRINTER_DRIVER_PACKAGE_IN_USE	The specified printer driver package is currently in use.
00000BC8	ERROR_CORE_DRIVER_PACKAGE_NOT_FOUND	Unable to find a core driver package that is required by the printer driver package.
00000BC9	ERROR_FAIL_REBOOT_REQUIRED	The requested operation failed. A system reboot is required to roll back changes made.
00000BCA	ERROR_FAIL_REBOOT_INITIATED	The requested operation failed. A system reboot has been initiated to roll back changes made.
00000BCB	ERROR_PRINTER_DRIVER_DOWNLOAD_NEEDED	The specified printer driver was not found on the system and needs to be downloaded.
00000BCE	ERROR_PRINTER_NOT_SHAREABLE	The specified printer cannot be shared.
00000F6E	ERROR_IO_REISSUE_AS_CACHED	Reissue the given operation as a cached I/O operation.
00000FA0	ERROR_WINS_INTERNAL	Windows Internet Name Service (WINS) encountered an error while processing the command.
00000FA1	ERROR_CAN_NOT_DEL_LOCAL_WINS	The local WINS cannot be deleted.
00000FA2	ERROR_STATIC_INIT	The importation from the file failed.
00000FA3	ERROR_INC_BACKUP	The backup failed. Was a full backup done before?
00000FA4	ERROR_FULL_BACKUP	The backup failed. Check the directory to which you are backing the database.
00000FA5	ERROR_REC_NON_EXISTENT	The name does not exist in the WINS database.
00000FA6	ERROR_RPL_NOT_ALLOWED	Replication with a nonconfigured partner is not allowed.
00000FD2	PEERDIST_ERROR_CONTENTINFO_VERSION_UNSUPPORTED	The version of the supplied content information is not supported.
00000FD3	PEERDIST_ERROR_CANNOT_PARSE_CONTENTINFO	The supplied content information is malformed.
00000FD4	PEERDIST_ERROR_MISSING_DATA	The requested data cannot be found in local or peer caches.
00000FD5	PEERDIST_ERROR_NO_MORE	No more data is available or required.
00000FD6	PEERDIST_ERROR_NOT_INITIALIZED	The supplied object has not been initialized.
00000FD7	PEERDIST_ERROR_ALREADY_INITIALIZED	The supplied object has already been initialized.
00000FD8	PEERDIST_ERROR_SHUTDOWN_IN_PROGRESS	A shutdown operation is already in progress.
00000FD9	PEERDIST_ERROR_INVALIDATED	The supplied object has already been invalidated.
00000FDA	PEERDIST_ERROR_ALREADY_EXISTS	An element already exists and was not replaced.
00000FDB	PEERDIST_ERROR_OPERATION_NOTFOUND	Cannot cancel the requested operation as it has already been completed.
00000FDC	PEERDIST_ERROR_ALREADY_COMPLETED	Cannot perform the requested operation because it has already been carried out.
00000FDD	PEERDIST_ERROR_OUT_OF_BOUNDS	An operation accessed data beyond the bounds of valid data.
00000FDE	PEERDIST_ERROR_VERSION_UNSUPPORTED	The requested version is not supported.
00000FDF	PEERDIST_ERROR_INVALID_CONFIGURATION	A configuration value is invalid.
00000FE0	PEERDIST_ERROR_NOT_LICENSED	The SKU is not licensed.
00000FE1	PEERDIST_ERROR_SERVICE_UNAVAILABLE	PeerDist Service is still initializing and will be available shortly.
00001004	ERROR_DHCP_ADDRESS_CONFLICT	The Dynamic Host Configuration Protocol (DHCP) client has obtained an IP address that is already in use on the network. The local interface will be disabled until the DHCP client can obtain a new address.
00001068	ERROR_WMI_GUID_NOT_FOUND	The GUID passed was not recognized as valid by a WMI data provider.
00001069	ERROR_WMI_INSTANCE_NOT_FOUND	The instance name passed was not recognized as valid by a WMI data provider.
0000106A	ERROR_WMI_ITEMID_NOT_FOUND	The data item ID passed was not recognized as valid by a WMI data provider.
0000106B	ERROR_WMI_TRY_AGAIN	The WMI request could not be completed and should be retried.
0000106C	ERROR_WMI_DP_NOT_FOUND	The WMI data provider could not be located.
0000106D	ERROR_WMI_UNRESOLVED_INSTANCE_REF	The WMI data provider references an instance set that has not been registered.
0000106E	ERROR_WMI_ALREADY_ENABLED	The WMI data block or event notification has already been enabled.
0000106F	ERROR_WMI_GUID_DISCONNECTED	The WMI data block is no longer available.
00001070	ERROR_WMI_SERVER_UNAVAILABLE	The WMI data service is not available.
00001071	ERROR_WMI_DP_FAILED	The WMI data provider failed to carry out the request.
00001072	ERROR_WMI_INVALID_MOF	The WMI Managed Object Format (MOF) information is not valid.
00001073	ERROR_WMI_INVALID_REGINFO	The WMI registration information is not valid.
00001074	ERROR_WMI_ALREADY_DISABLED	The WMI data block or event notification has already been disabled.
00001075	ERROR_WMI_READ_ONLY	The WMI data item or data block is read-only.
00001076	ERROR_WMI_SET_FAILURE	The WMI data item or data block could not be changed.
000010CC	ERROR_INVALID_MEDIA	The media identifier does not represent a valid medium.
000010CD	ERROR_INVALID_LIBRARY	The library identifier does not represent a valid library.
000010CE	ERROR_INVALID_MEDIA_POOL	The media pool identifier does not represent a valid media pool.
000010CF	ERROR_DRIVE_MEDIA_MISMATCH	The drive and medium are not compatible, or they exist in different libraries.
000010D0	ERROR_MEDIA_OFFLINE	The medium currently exists in an offline library and must be online to perform this operation.
000010D1	ERROR_LIBRARY_OFFLINE	The operation cannot be performed on an offline library.
000010D2	ERROR_EMPTY	The library, drive, or media pool is empty.
000010D3	ERROR_NOT_EMPTY	The library, drive, or media pool must be empty to perform this operation.
000010D4	ERROR_MEDIA_UNAVAILABLE	No media is currently available in this media pool or library.
000010D5	ERROR_RESOURCE_DISABLED	A resource required for this operation is disabled.
000010D6	ERROR_INVALID_CLEANER	The media identifier does not represent a valid cleaner.
000010D7	ERROR_UNABLE_TO_CLEAN	The drive cannot be cleaned or does not support cleaning.
000010D8	ERROR_OBJECT_NOT_FOUND	The object identifier does not represent a valid object.
000010D9	ERROR_DATABASE_FAILURE	Unable to read from or write to the database.
000010DA	ERROR_DATABASE_FULL	The database is full.
000010DB	ERROR_MEDIA_INCOMPATIBLE	The medium is not compatible with the device or media pool.
000010DC	ERROR_RESOURCE_NOT_PRESENT	The resource required for this operation does not exist.
000010DD	ERROR_INVALID_OPERATION	The operation identifier is not valid.
000010DE	ERROR_MEDIA_NOT_AVAILABLE	The media is not mounted or ready for use.
000010DF	ERROR_DEVICE_NOT_AVAILABLE	The device is not ready for use.
000010E0	ERROR_REQUEST_REFUSED	The operator or administrator has refused the request.
000010E1	ERROR_INVALID_DRIVE_OBJECT	The drive identifier does not represent a valid drive.
000010E2	ERROR_LIBRARY_FULL	Library is full. No slot is available for use.
000010E3	ERROR_MEDIUM_NOT_ACCESSIBLE	The transport cannot access the medium.
000010E4	ERROR_UNABLE_TO_LOAD_MEDIUM	Unable to load the medium into the drive.
000010E5	ERROR_UNABLE_TO_INVENTORY_DRIVE	Unable to retrieve the drive status.
000010E6	ERROR_UNABLE_TO_INVENTORY_SLOT	Unable to retrieve the slot status.
000010E7	ERROR_UNABLE_TO_INVENTORY_TRANSPORT	Unable to retrieve status about the transport.
000010E8	ERROR_TRANSPORT_FULL	Cannot use the transport because it is already in use.
000010E9	ERROR_CONTROLLING_IEPORT	Unable to open or close the inject/eject port.
000010EA	ERROR_UNABLE_TO_EJECT_MOUNTED_MEDIA	Unable to eject the medium because it is in a drive.
000010EB	ERROR_CLEANER_SLOT_SET	A cleaner slot is already reserved.
000010EC	ERROR_CLEANER_SLOT_NOT_SET	A cleaner slot is not reserved.
000010ED	ERROR_CLEANER_CARTRIDGE_SPENT	The cleaner cartridge has performed the maximum number of drive cleanings.
000010EE	ERROR_UNEXPECTED_OMID	Unexpected on-medium identifier.
000010EF	ERROR_CANT_DELETE_LAST_ITEM	The last remaining item in this group or resource cannot be deleted.
000010F0	ERROR_MESSAGE_EXCEEDS_MAX_SIZE	The message provided exceeds the maximum size allowed for this parameter.
000010F1	ERROR_VOLUME_CONTAINS_SYS_FILES	The volume contains system or paging files.
000010F2	ERROR_INDIGENOUS_TYPE	The media type cannot be removed from this library because at least one drive in the library reports it can support this media type.
000010F3	ERROR_NO_SUPPORTING_DRIVES	This offline media cannot be mounted on this system because no enabled drives are present that can be used.
000010F4	ERROR_CLEANER_CARTRIDGE_INSTALLED	A cleaner cartridge is present in the tape library.
000010F5	ERROR_IEPORT_FULL	Cannot use the IEport because it is not empty.
000010FE	ERROR_FILE_OFFLINE	The remote storage service was not able to recall the file.
000010FF	ERROR_REMOTE_STORAGE_NOT_ACTIVE	The remote storage service is not operational at this time.
00001100	ERROR_REMOTE_STORAGE_MEDIA_ERROR	The remote storage service encountered a media error.
00001126	ERROR_NOT_A_REPARSE_POINT	The file or directory is not a reparse point.
00001127	ERROR_REPARSE_ATTRIBUTE_CONFLICT	The reparse point attribute cannot be set because it conflicts with an existing attribute.
00001128	ERROR_INVALID_REPARSE_DATA	The data present in the reparse point buffer is invalid.
00001129	ERROR_REPARSE_TAG_INVALID	The tag present in the reparse point buffer is invalid.
0000112A	ERROR_REPARSE_TAG_MISMATCH	There is a mismatch between the tag specified in the request and the tag present in the reparse point.
00001194	ERROR_VOLUME_NOT_SIS_ENABLED	Single Instance Storage (SIS) is not available on this volume.
00001389	ERROR_DEPENDENT_RESOURCE_EXISTS	The operation cannot be completed because other resources depend on this resource.
0000138A	ERROR_DEPENDENCY_NOT_FOUND	The cluster resource dependency cannot be found.
0000138B	ERROR_DEPENDENCY_ALREADY_EXISTS	The cluster resource cannot be made dependent on the specified resource because it is already dependent.
0000138C	ERROR_RESOURCE_NOT_ONLINE	The cluster resource is not online.
0000138D	ERROR_HOST_NODE_NOT_AVAILABLE	A cluster node is not available for this operation.
0000138E	ERROR_RESOURCE_NOT_AVAILABLE	The cluster resource is not available.
0000138F	ERROR_RESOURCE_NOT_FOUND	The cluster resource could not be found.
00001390	ERROR_SHUTDOWN_CLUSTER	The cluster is being shut down.
00001391	ERROR_CANT_EVICT_ACTIVE_NODE	A cluster node cannot be evicted from the cluster unless the node is down or it is the last node.
00001392	ERROR_OBJECT_ALREADY_EXISTS	The object already exists.
00001393	ERROR_OBJECT_IN_LIST	The object is already in the list.
00001394	ERROR_GROUP_NOT_AVAILABLE	The cluster group is not available for any new requests.
00001395	ERROR_GROUP_NOT_FOUND	The cluster group could not be found.
00001396	ERROR_GROUP_NOT_ONLINE	The operation could not be completed because the cluster group is not online.
00001397	ERROR_HOST_NODE_NOT_RESOURCE_OWNER	The operation failed because either the specified cluster node is not the owner of the resource, or the node is not a possible owner of the resource.
00001398	ERROR_HOST_NODE_NOT_GROUP_OWNER	The operation failed because either the specified cluster node is not the owner of the group, or the node is not a possible owner of the group.
00001399	ERROR_RESMON_CREATE_FAILED	The cluster resource could not be created in the specified resource monitor.
0000139A	ERROR_RESMON_ONLINE_FAILED	The cluster resource could not be brought online by the resource monitor.
0000139B	ERROR_RESOURCE_ONLINE	The operation could not be completed because the cluster resource is online.
0000139C	ERROR_QUORUM_RESOURCE	The cluster resource could not be deleted or brought offline because it is the quorum resource.
0000139D	ERROR_NOT_QUORUM_CAPABLE	The cluster could not make the specified resource a quorum resource because it is not capable of being a quorum resource.
0000139E	ERROR_CLUSTER_SHUTTING_DOWN	The cluster software is shutting down.
0000139F	ERROR_INVALID_STATE	The group or resource is not in the correct state to perform the requested operation.
000013A0	ERROR_RESOURCE_PROPERTIES_STORED	The properties were stored but not all changes will take effect until the next time the resource is brought online.
000013A1	ERROR_NOT_QUORUM_CLASS	The cluster could not make the specified resource a quorum resource because it does not belong to a shared storage class.
000013A2	ERROR_CORE_RESOURCE	The cluster resource could not be deleted because it is a core resource.
000013A3	ERROR_QUORUM_RESOURCE_ONLINE_FAILED	The quorum resource failed to come online.
000013A4	ERROR_QUORUMLOG_OPEN_FAILED	The quorum log could not be created or mounted successfully.
000013A5	ERROR_CLUSTERLOG_CORRUPT	The cluster log is corrupt.
000013A6	ERROR_CLUSTERLOG_RECORD_EXCEEDS_MAXSIZE	The record could not be written to the cluster log because it exceeds the maximum size.
000013A7	ERROR_CLUSTERLOG_EXCEEDS_MAXSIZE	The cluster log exceeds its maximum size.
000013A8	ERROR_CLUSTERLOG_CHKPOINT_NOT_FOUND	No checkpoint record was found in the cluster log.
000013A9	ERROR_CLUSTERLOG_NOT_ENOUGH_SPACE	The minimum required disk space needed for logging is not available.
000013AA	ERROR_QUORUM_OWNER_ALIVE	The cluster node failed to take control of the quorum resource because the resource is owned by another active node.
000013AB	ERROR_NETWORK_NOT_AVAILABLE	A cluster network is not available for this operation.
000013AC	ERROR_NODE_NOT_AVAILABLE	A cluster node is not available for this operation.
000013AD	ERROR_ALL_NODES_NOT_AVAILABLE	All cluster nodes must be running to perform this operation.
000013AE	ERROR_RESOURCE_FAILED	A cluster resource failed.
000013AF	ERROR_CLUSTER_INVALID_NODE	The cluster node is not valid.
000013B0	ERROR_CLUSTER_NODE_EXISTS	The cluster node already exists.
000013B1	ERROR_CLUSTER_JOIN_IN_PROGRESS	A node is in the process of joining the cluster.
000013B2	ERROR_CLUSTER_NODE_NOT_FOUND	The cluster node was not found.
000013B3	ERROR_CLUSTER_LOCAL_NODE_NOT_FOUND	The cluster local node information was not found.
000013B4	ERROR_CLUSTER_NETWORK_EXISTS	The cluster network already exists.
000013B5	ERROR_CLUSTER_NETWORK_NOT_FOUND	The cluster network was not found.
000013B6	ERROR_CLUSTER_NETINTERFACE_EXISTS	The cluster network interface already exists.
000013B7	ERROR_CLUSTER_NETINTERFACE_NOT_FOUND	The cluster network interface was not found.
000013B8	ERROR_CLUSTER_INVALID_REQUEST	The cluster request is not valid for this object.
000013B9	ERROR_CLUSTER_INVALID_NETWORK_PROVIDER	The cluster network provider is not valid.
000013BA	ERROR_CLUSTER_NODE_DOWN	The cluster node is down.
000013BB	ERROR_CLUSTER_NODE_UNREACHABLE	The cluster node is not reachable.
000013BC	ERROR_CLUSTER_NODE_NOT_MEMBER	The cluster node is not a member of the cluster.
000013BD	ERROR_CLUSTER_JOIN_NOT_IN_PROGRESS	A cluster join operation is not in progress.
000013BE	ERROR_CLUSTER_INVALID_NETWORK	The cluster network is not valid.
000013C0	ERROR_CLUSTER_NODE_UP	The cluster node is up.
000013C1	ERROR_CLUSTER_IPADDR_IN_USE	The cluster IP address is already in use.
000013C2	ERROR_CLUSTER_NODE_NOT_PAUSED	The cluster node is not paused.
000013C3	ERROR_CLUSTER_NO_SECURITY_CONTEXT	No cluster security context is available.
000013C4	ERROR_CLUSTER_NETWORK_NOT_INTERNAL	The cluster network is not configured for internal cluster communication.
000013C5	ERROR_CLUSTER_NODE_ALREADY_UP	The cluster node is already up.
000013C6	ERROR_CLUSTER_NODE_ALREADY_DOWN	The cluster node is already down.
000013C7	ERROR_CLUSTER_NETWORK_ALREADY_ONLINE	The cluster network is already online.
000013C8	ERROR_CLUSTER_NETWORK_ALREADY_OFFLINE	The cluster network is already offline.
000013C9	ERROR_CLUSTER_NODE_ALREADY_MEMBER	The cluster node is already a member of the cluster.
000013CA	ERROR_CLUSTER_LAST_INTERNAL_NETWORK	The cluster network is the only one configured for internal cluster communication between two or more active cluster nodes. The internal communication capability cannot be removed from the network.
000013CB	ERROR_CLUSTER_NETWORK_HAS_DEPENDENTS	One or more cluster resources depend on the network to provide service to clients. The client access capability cannot be removed from the network.
000013CC	ERROR_INVALID_OPERATION_ON_QUORUM	This operation cannot be performed on the cluster resource because it is the quorum resource. This quorum resource cannot be brought offline and its possible owners list cannot be modified.
000013CD	ERROR_DEPENDENCY_NOT_ALLOWED	The cluster quorum resource is not allowed to have any dependencies.
000013CE	ERROR_CLUSTER_NODE_PAUSED	The cluster node is paused.
000013CF	ERROR_NODE_CANT_HOST_RESOURCE	The cluster resource cannot be brought online. The owner node cannot run this resource.
000013D0	ERROR_CLUSTER_NODE_NOT_READY	The cluster node is not ready to perform the requested operation.
000013D1	ERROR_CLUSTER_NODE_SHUTTING_DOWN	The cluster node is shutting down.
000013D2	ERROR_CLUSTER_JOIN_ABORTED	The cluster join operation was aborted.
000013D3	ERROR_CLUSTER_INCOMPATIBLE_VERSIONS	The cluster join operation failed due to incompatible software versions between the joining node and its sponsor.
000013D4	ERROR_CLUSTER_MAXNUM_OF_RESOURCES_EXCEEDED	This resource cannot be created because the cluster has reached the limit on the number of resources it can monitor.
000013D5	ERROR_CLUSTER_SYSTEM_CONFIG_CHANGED	The system configuration changed during the cluster join or form operation. The join or form operation was aborted.
000013D6	ERROR_CLUSTER_RESOURCE_TYPE_NOT_FOUND	The specified resource type was not found.
000013D7	ERROR_CLUSTER_RESTYPE_NOT_SUPPORTED	The specified node does not support a resource of this type. This might be due to version inconsistencies or due to the absence of the resource DLL on this node.
000013D8	ERROR_CLUSTER_RESNAME_NOT_FOUND	The specified resource name is not supported by this resource DLL. This might be due to a bad (or changed) name supplied to the resource DLL.
000013D9	ERROR_CLUSTER_NO_RPC_PACKAGES_REGISTERED	No authentication package could be registered with the RPC server.
000013DA	ERROR_CLUSTER_OWNER_NOT_IN_PREFLIST	You cannot bring the group online because the owner of the group is not in the preferred list for the group. To change the owner node for the group, move the group.
000013DB	ERROR_CLUSTER_DATABASE_SEQMISMATCH	The join operation failed because the cluster database sequence number has changed or is incompatible with the locker node. This can happen during a join operation if the cluster database was changing during the join.
000013DC	ERROR_RESMON_INVALID_STATE	The resource monitor will not allow the fail operation to be performed while the resource is in its current state. This can happen if the resource is in a pending state.
000013DD	ERROR_CLUSTER_GUM_NOT_LOCKER	A non-locker code received a request to reserve the lock for making global updates.
000013DE	ERROR_QUORUM_DISK_NOT_FOUND	The quorum disk could not be located by the cluster service.
000013DF	ERROR_DATABASE_BACKUP_CORRUPT	The backed-up cluster database is possibly corrupt.
000013E0	ERROR_CLUSTER_NODE_ALREADY_HAS_DFS_ROOT	A DFS root already exists in this cluster node.
000013E1	ERROR_RESOURCE_PROPERTY_UNCHANGEABLE	An attempt to modify a resource property failed because it conflicts with another existing property.
00001702	ERROR_CLUSTER_MEMBERSHIP_INVALID_STATE	An operation was attempted that is incompatible with the current membership state of the node.
00001703	ERROR_CLUSTER_QUORUMLOG_NOT_FOUND	The quorum resource does not contain the quorum log.
00001704	ERROR_CLUSTER_MEMBERSHIP_HALT	The membership engine requested shutdown of the cluster service on this node.
00001705	ERROR_CLUSTER_INSTANCE_ID_MISMATCH	The join operation failed because the cluster instance ID of the joining node does not match the cluster instance ID of the sponsor node.
00001706	ERROR_CLUSTER_NETWORK_NOT_FOUND_FOR_IP	A matching cluster network for the specified IP address could not be found.
00001707	ERROR_CLUSTER_PROPERTY_DATA_TYPE_MISMATCH	The actual data type of the property did not match the expected data type of the property.
00001708	ERROR_CLUSTER_EVICT_WITHOUT_CLEANUP	The cluster node was evicted from the cluster successfully, but the node was not cleaned up. To determine what clean-up steps failed and how to recover, see the Failover Clustering application event log using Event Viewer.
00001709	ERROR_CLUSTER_PARAMETER_MISMATCH	Two or more parameter values specified for a resource's properties are in conflict.
0000170A	ERROR_NODE_CANNOT_BE_CLUSTERED	This computer cannot be made a member of a cluster.
0000170B	ERROR_CLUSTER_WRONG_OS_VERSION	This computer cannot be made a member of a cluster because it does not have the correct version of Windows installed.
0000170C	ERROR_CLUSTER_CANT_CREATE_DUP_CLUSTER_NAME	A cluster cannot be created with the specified cluster name because that cluster name is already in use. Specify a different name for the cluster.
0000170D	ERROR_CLUSCFG_ALREADY_COMMITTED	The cluster configuration action has already been committed.
0000170E	ERROR_CLUSCFG_ROLLBACK_FAILED	The cluster configuration action could not be rolled back.
0000170F	ERROR_CLUSCFG_SYSTEM_DISK_DRIVE_LETTER_CONFLICT	The drive letter assigned to a system disk on one node conflicted with the drive letter assigned to a disk on another node.
00001710	ERROR_CLUSTER_OLD_VERSION	One or more nodes in the cluster are running a version of Windows that does not support this operation.
00001711	ERROR_CLUSTER_MISMATCHED_COMPUTER_ACCT_NAME	The name of the corresponding computer account does not match the network name for this resource.
00001712	ERROR_CLUSTER_NO_NET_ADAPTERS	No network adapters are available.
00001713	ERROR_CLUSTER_POISONED	The cluster node has been poisoned.
00001714	ERROR_CLUSTER_GROUP_MOVING	The group is unable to accept the request because it is moving to another node.
00001715	ERROR_CLUSTER_RESOURCE_TYPE_BUSY	The resource type cannot accept the request because it is too busy performing another operation.
00001716	ERROR_RESOURCE_CALL_TIMED_OUT	The call to the cluster resource DLL timed out.
00001717	ERROR_INVALID_CLUSTER_IPV6_ADDRESS	The address is not valid for an IPv6 Address resource. A global IPv6 address is required, and it must match a cluster network. Compatibility addresses are not permitted.
00001718	ERROR_CLUSTER_INTERNAL_INVALID_FUNCTION	An internal cluster error occurred. A call to an invalid function was attempted.
00001719	ERROR_CLUSTER_PARAMETER_OUT_OF_BOUNDS	A parameter value is out of acceptable range.
0000171A	ERROR_CLUSTER_PARTIAL_SEND	A network error occurred while sending data to another node in the cluster. The number of bytes transmitted was less than required.
0000171B	ERROR_CLUSTER_REGISTRY_INVALID_FUNCTION	An invalid cluster registry operation was attempted.
0000171C	ERROR_CLUSTER_INVALID_STRING_TERMINATION	An input string of characters is not properly terminated.
0000171D	ERROR_CLUSTER_INVALID_STRING_FORMAT	An input string of characters is not in a valid format for the data it represents.
0000171E	ERROR_CLUSTER_DATABASE_TRANSACTION_IN_PROGRESS	An internal cluster error occurred. A cluster database transaction was attempted while a transaction was already in progress.
0000171F	ERROR_CLUSTER_DATABASE_TRANSACTION_NOT_IN_PROGRESS	An internal cluster error occurred. There was an attempt to commit a cluster database transaction while no transaction was in progress.
00001720	ERROR_CLUSTER_NULL_DATA	An internal cluster error occurred. Data was not properly initialized.
00001721	ERROR_CLUSTER_PARTIAL_READ	An error occurred while reading from a stream of data. An unexpected number of bytes was returned.
00001722	ERROR_CLUSTER_PARTIAL_WRITE	An error occurred while writing to a stream of data. The required number of bytes could not be written.
00001723	ERROR_CLUSTER_CANT_DESERIALIZE_DATA	An error occurred while deserializing a stream of cluster data.
00001724	ERROR_DEPENDENT_RESOURCE_PROPERTY_CONFLICT	One or more property values for this resource are in conflict with one or more property values associated with its dependent resources.
00001725	ERROR_CLUSTER_NO_QUORUM	A quorum of cluster nodes was not present to form a cluster.
00001726	ERROR_CLUSTER_INVALID_IPV6_NETWORK	The cluster network is not valid for an IPv6 address resource, or it does not match the configured address.
00001727	ERROR_CLUSTER_INVALID_IPV6_TUNNEL_NETWORK	The cluster network is not valid for an IPv6 tunnel resource. Check the configuration of the IP Address resource on which the IPv6 tunnel resource depends.
00001728	ERROR_QUORUM_NOT_ALLOWED_IN_THIS_GROUP	Quorum resource cannot reside in the available storage group.
00001770	ERROR_ENCRYPTION_FAILED	The specified file could not be encrypted.
00001771	ERROR_DECRYPTION_FAILED	The specified file could not be decrypted.
00001772	ERROR_FILE_ENCRYPTED	The specified file is encrypted and the user does not have the ability to decrypt it.
00001773	ERROR_NO_RECOVERY_POLICY	There is no valid encryption recovery policy configured for this system.
00001774	ERROR_NO_EFS	The required encryption driver is not loaded for this system.
00001775	ERROR_WRONG_EFS	The file was encrypted with a different encryption driver than is currently loaded.
00001776	ERROR_NO_USER_KEYS	There are no Encrypting File System (EFS) keys defined for the user.
00001777	ERROR_FILE_NOT_ENCRYPTED	The specified file is not encrypted.
00001778	ERROR_NOT_EXPORT_FORMAT	The specified file is not in the defined EFS export format.
00001779	ERROR_FILE_READ_ONLY	The specified file is read-only.
0000177A	ERROR_DIR_EFS_DISALLOWED	The directory has been disabled for encryption.
0000177B	ERROR_EFS_SERVER_NOT_TRUSTED	The server is not trusted for remote encryption operation.
0000177C	ERROR_BAD_RECOVERY_POLICY	Recovery policy configured for this system contains invalid recovery certificate.
0000177D	ERROR_EFS_ALG_BLOB_TOO_BIG	The encryption algorithm used on the source file needs a bigger key buffer than the one on the destination file.
0000177E	ERROR_VOLUME_NOT_SUPPORT_EFS	The disk partition does not support file encryption.
0000177F	ERROR_EFS_DISABLED	This machine is disabled for file encryption.
00001780	ERROR_EFS_VERSION_NOT_SUPPORT	A newer system is required to decrypt this encrypted file.
00001781	ERROR_CS_ENCRYPTION_INVALID_SERVER_RESPONSE	The remote server sent an invalid response for a file being opened with client-side encryption.
00001782	ERROR_CS_ENCRYPTION_UNSUPPORTED_SERVER	Client-side encryption is not supported by the remote server even though it claims to support it.
00001783	ERROR_CS_ENCRYPTION_EXISTING_ENCRYPTED_FILE	File is encrypted and should be opened in client-side encryption mode.
00001784	ERROR_CS_ENCRYPTION_NEW_ENCRYPTED_FILE	A new encrypted file is being created and a $EFS needs to be provided.
00001785	ERROR_CS_ENCRYPTION_FILE_NOT_CSE	The SMB client requested a client-side extension (CSE) file system control (FSCTL) on a non-CSE file.
000017E6	ERROR_NO_BROWSER_SERVERS_FOUND	The list of servers for this workgroup is not currently available
00001838	SCHED_E_SERVICE_NOT_LOCALSYSTEM	The Task Scheduler service must be configured to run in the System account to function properly. Individual tasks can be configured to run in other accounts.
000019C8	ERROR_LOG_SECTOR_INVALID	The log service encountered an invalid log sector.
000019C9	ERROR_LOG_SECTOR_PARITY_INVALID	The log service encountered a log sector with invalid block parity.
000019CA	ERROR_LOG_SECTOR_REMAPPED	The log service encountered a remapped log sector.
000019CB	ERROR_LOG_BLOCK_INCOMPLETE	The log service encountered a partial or incomplete log block.
000019CC	ERROR_LOG_INVALID_RANGE	The log service encountered an attempt to access data outside the active log range.
000019CD	ERROR_LOG_BLOCKS_EXHAUSTED	The log service user marshaling buffers are exhausted.
000019CE	ERROR_LOG_READ_CONTEXT_INVALID	The log service encountered an attempt to read from a marshaling area with an invalid read context.
000019CF	ERROR_LOG_RESTART_INVALID	The log service encountered an invalid log restart area.
000019D0	ERROR_LOG_BLOCK_VERSION	The log service encountered an invalid log block version.
000019D1	ERROR_LOG_BLOCK_INVALID	The log service encountered an invalid log block.
000019D2	ERROR_LOG_READ_MODE_INVALID	The log service encountered an attempt to read the log with an invalid read mode.
000019D3	ERROR_LOG_NO_RESTART	The log service encountered a log stream with no restart area.
000019D4	ERROR_LOG_METADATA_CORRUPT	The log service encountered a corrupted metadata file.
000019D5	ERROR_LOG_METADATA_INVALID	The log service encountered a metadata file that could not be created by the log file system.
000019D6	ERROR_LOG_METADATA_INCONSISTENT	The log service encountered a metadata file with inconsistent data.
000019D7	ERROR_LOG_RESERVATION_INVALID	The log service encountered an attempt to erroneous allocate or dispose reservation space.
000019D8	ERROR_LOG_CANT_DELETE	The log service cannot delete a log file or file system container.
000019D9	ERROR_LOG_CONTAINER_LIMIT_EXCEEDED	The log service has reached the maximum allowable containers allocated to a log file.
000019DA	ERROR_LOG_START_OF_LOG	The log service has attempted to read or write backward past the start of the log.
000019DB	ERROR_LOG_POLICY_ALREADY_INSTALLED	The log policy could not be installed because a policy of the same type is already present.
000019DC	ERROR_LOG_POLICY_NOT_INSTALLED	The log policy in question was not installed at the time of the request.
000019DD	ERROR_LOG_POLICY_INVALID	The installed set of policies on the log is invalid.
000019DE	ERROR_LOG_POLICY_CONFLICT	A policy on the log in question prevented the operation from completing.
000019DF	ERROR_LOG_PINNED_ARCHIVE_TAIL	Log space cannot be reclaimed because the log is pinned by the archive tail.
000019E0	ERROR_LOG_RECORD_NONEXISTENT	The log record is not a record in the log file.
000019E1	ERROR_LOG_RECORDS_RESERVED_INVALID	The number of reserved log records or the adjustment of the number of reserved log records is invalid.
000019E2	ERROR_LOG_SPACE_RESERVED_INVALID	The reserved log space or the adjustment of the log space is invalid.
000019E3	ERROR_LOG_TAIL_INVALID	A new or existing archive tail or base of the active log is invalid.
000019E4	ERROR_LOG_FULL	The log space is exhausted.
000019E5	ERROR_COULD_NOT_RESIZE_LOG	The log could not be set to the requested size.
000019E6	ERROR_LOG_MULTIPLEXED	The log is multiplexed; no direct writes to the physical log are allowed.
000019E7	ERROR_LOG_DEDICATED	The operation failed because the log is a dedicated log.
000019E8	ERROR_LOG_ARCHIVE_NOT_IN_PROGRESS	The operation requires an archive context.
000019E9	ERROR_LOG_ARCHIVE_IN_PROGRESS	Log archival is in progress.
000019EA	ERROR_LOG_EPHEMERAL	The operation requires a non-ephemeral log, but the log is ephemeral.
000019EB	ERROR_LOG_NOT_ENOUGH_CONTAINERS	The log must have at least two containers before it can be read from or written to.
000019EC	ERROR_LOG_CLIENT_ALREADY_REGISTERED	A log client has already registered on the stream.
000019ED	ERROR_LOG_CLIENT_NOT_REGISTERED	A log client has not been registered on the stream.
000019EE	ERROR_LOG_FULL_HANDLER_IN_PROGRESS	A request has already been made to handle the log full condition.
000019EF	ERROR_LOG_CONTAINER_READ_FAILED	The log service encountered an error when attempting to read from a log container.
000019F0	ERROR_LOG_CONTAINER_WRITE_FAILED	The log service encountered an error when attempting to write to a log container.
000019F1	ERROR_LOG_CONTAINER_OPEN_FAILED	The log service encountered an error when attempting to open a log container.
000019F2	ERROR_LOG_CONTAINER_STATE_INVALID	The log service encountered an invalid container state when attempting a requested action.
000019F3	ERROR_LOG_STATE_INVALID	The log service is not in the correct state to perform a requested action.
000019F4	ERROR_LOG_PINNED	The log space cannot be reclaimed because the log is pinned.
000019F5	ERROR_LOG_METADATA_FLUSH_FAILED	The log metadata flush failed.
000019F6	ERROR_LOG_INCONSISTENT_SECURITY	Security on the log and its containers is inconsistent.
000019F7	ERROR_LOG_APPENDED_FLUSH_FAILED	Records were appended to the log or reservation changes were made, but the log could not be flushed.
000019F8	ERROR_LOG_PINNED_RESERVATION	The log is pinned due to reservation consuming most of the log space. Free some reserved records to make space available.
00001A2C	ERROR_INVALID_TRANSACTION	The transaction handle associated with this operation is not valid.
00001A2D	ERROR_TRANSACTION_NOT_ACTIVE	The requested operation was made in the context of a transaction that is no longer active.
00001A2E	ERROR_TRANSACTION_REQUEST_NOT_VALID	The requested operation is not valid on the transaction object in its current state.
00001A2F	ERROR_TRANSACTION_NOT_REQUESTED	The caller has called a response API, but the response is not expected because the transaction manager did not issue the corresponding request to the caller.
00001A30	ERROR_TRANSACTION_ALREADY_ABORTED	It is too late to perform the requested operation because the transaction has already been aborted.
00001A31	ERROR_TRANSACTION_ALREADY_COMMITTED	It is too late to perform the requested operation because the transaction has already been committed.
00001A32	ERROR_TM_INITIALIZATION_FAILED	The transaction manager was unable to be successfully initialized. Transacted operations are not supported.
00001A33	ERROR_RESOURCEMANAGER_READ_ONLY	The specified resource manager made no changes or updates to the resource under this transaction.
00001A34	ERROR_TRANSACTION_NOT_JOINED	The resource manager has attempted to prepare a transaction that it has not successfully joined.
00001A35	ERROR_TRANSACTION_SUPERIOR_EXISTS	The transaction object already has a superior enlistment, and the caller attempted an operation that would have created a new superior. Only a single superior enlistment is allowed.
00001A36	ERROR_CRM_PROTOCOL_ALREADY_EXISTS	The resource manager tried to register a protocol that already exists.
00001A37	ERROR_TRANSACTION_PROPAGATION_FAILED	The attempt to propagate the transaction failed.
00001A38	ERROR_CRM_PROTOCOL_NOT_FOUND	The requested propagation protocol was not registered as a CRM.
00001A39	ERROR_TRANSACTION_INVALID_MARSHALL_BUFFER	The buffer passed in to PushTransaction or PullTransaction is not in a valid format.
00001A3A	ERROR_CURRENT_TRANSACTION_NOT_VALID	The current transaction context associated with the thread is not a valid handle to a transaction object.
00001A3B	ERROR_TRANSACTION_NOT_FOUND	The specified transaction object could not be opened because it was not found.
00001A3C	ERROR_RESOURCEMANAGER_NOT_FOUND	The specified resource manager object could not be opened because it was not found.
00001A3D	ERROR_ENLISTMENT_NOT_FOUND	The specified enlistment object could not be opened because it was not found.
00001A3E	ERROR_TRANSACTIONMANAGER_NOT_FOUND	The specified transaction manager object could not be opened because it was not found.
00001A3F	ERROR_TRANSACTIONMANAGER_NOT_ONLINE	The specified resource manager was unable to create an enlistment because its associated transaction manager is not online.
00001A40	ERROR_TRANSACTIONMANAGER_RECOVERY_NAME_COLLISION	The specified transaction manager was unable to create the objects contained in its log file in the ObjectB namespace. Therefore, the transaction manager was unable to recover.
00001A90	ERROR_TRANSACTIONAL_CONFLICT	The function attempted to use a name that is reserved for use by another transaction.
00001A91	ERROR_RM_NOT_ACTIVE	Transaction support within the specified file system resource manager is not started or was shut down due to an error.
00001A92	ERROR_RM_METADATA_CORRUPT	The metadata of the resource manager has been corrupted. The resource manager will not function.
00001A93	ERROR_DIRECTORY_NOT_RM	The specified directory does not contain a resource manager.
00001A95	ERROR_TRANSACTIONS_UNSUPPORTED_REMOTE	The remote server or share does not support transacted file operations.
00001A96	ERROR_LOG_RESIZE_INVALID_SIZE	The requested log size is invalid.
00001A97	ERROR_OBJECT_NO_LONGER_EXISTS	The object (file, stream, link) corresponding to the handle has been deleted by a transaction savepoint rollback.
00001A98	ERROR_STREAM_MINIVERSION_NOT_FOUND	The specified file miniversion was not found for this transacted file open.
00001A99	ERROR_STREAM_MINIVERSION_NOT_VALID	The specified file miniversion was found but has been invalidated. The most likely cause is a transaction savepoint rollback.
00001A9A	ERROR_MINIVERSION_INACCESSIBLE_FROM_SPECIFIED_TRANSACTION	A miniversion can only be opened in the context of the transaction that created it.
00001A9B	ERROR_CANT_OPEN_MINIVERSION_WITH_MODIFY_INTENT	It is not possible to open a miniversion with modify access.
00001A9C	ERROR_CANT_CREATE_MORE_STREAM_MINIVERSIONS	It is not possible to create any more miniversions for this stream.
00001A9E	ERROR_REMOTE_FILE_VERSION_MISMATCH	The remote server sent mismatching version numbers or FID for a file opened with transactions.
00001A9F	ERROR_HANDLE_NO_LONGER_VALID	The handle has been invalidated by a transaction. The most likely cause is the presence of memory mapping on a file, or an open handle when the transaction ended or rolled back to savepoint.
00001AA0	ERROR_NO_TXF_METADATA	There is no transaction metadata on the file.
00001AA1	ERROR_LOG_CORRUPTION_DETECTED	The log data is corrupt.
00001AA2	ERROR_CANT_RECOVER_WITH_HANDLE_OPEN	The file cannot be recovered because a handle is still open on it.
00001AA3	ERROR_RM_DISCONNECTED	The transaction outcome is unavailable because the resource manager responsible for it is disconnected.
00001AA4	ERROR_ENLISTMENT_NOT_SUPERIOR	The request was rejected because the enlistment in question is not a superior enlistment.
00001AA5	ERROR_RECOVERY_NOT_NEEDED	The transactional resource manager is already consistent. Recovery is not needed.
00001AA6	ERROR_RM_ALREADY_STARTED	The transactional resource manager has already been started.
00001AA7	ERROR_FILE_IDENTITY_NOT_PERSISTENT	The file cannot be opened in a transaction because its identity depends on the outcome of an unresolved transaction.
00001AA8	ERROR_CANT_BREAK_TRANSACTIONAL_DEPENDENCY	The operation cannot be performed because another transaction is depending on the fact that this property will not change.
00001AA9	ERROR_CANT_CROSS_RM_BOUNDARY	The operation would involve a single file with two transactional resource managers and is therefore not allowed.
00001AAA	ERROR_TXF_DIR_NOT_EMPTY	The $Txf directory must be empty for this operation to succeed.
00001AAB	ERROR_INDOUBT_TRANSACTIONS_EXIST	The operation would leave a transactional resource manager in an inconsistent state and is, therefore, not allowed.
00001AAC	ERROR_TM_VOLATILE	The operation could not be completed because the transaction manager does not have a log.
00001AAD	ERROR_ROLLBACK_TIMER_EXPIRED	A rollback could not be scheduled because a previously scheduled rollback has already been executed or is queued for execution.
00001AAE	ERROR_TXF_ATTRIBUTE_CORRUPT	The transactional metadata attribute on the file or directory is corrupt and unreadable.
00001AAF	ERROR_EFS_NOT_ALLOWED_IN_TRANSACTION	The encryption operation could not be completed because a transaction is active.
00001AB0	ERROR_TRANSACTIONAL_OPEN_NOT_ALLOWED	This object is not allowed to be opened in a transaction.
00001AB1	ERROR_LOG_GROWTH_FAILED	An attempt to create space in the transactional resource manager's log failed. The failure status has been recorded in the event log.
00001AB2	ERROR_TRANSACTED_MAPPING_UNSUPPORTED_REMOTE	Memory mapping (creating a mapped section) to a remote file under a transaction is not supported.
00001AB3	ERROR_TXF_METADATA_ALREADY_PRESENT	Transaction metadata is already present on this file and cannot be superseded.
00001AB4	ERROR_TRANSACTION_SCOPE_CALLBACKS_NOT_SET	A transaction scope could not be entered because the scope handler has not been initialized.
00001AB5	ERROR_TRANSACTION_REQUIRED_PROMOTION	Promotion was required to allow the resource manager to enlist, but the transaction was set to disallow it.
00001AB6	ERROR_CANNOT_EXECUTE_FILE_IN_TRANSACTION	This file is open for modification in an unresolved transaction and can be opened for execution only by a transacted reader.
00001AB7	ERROR_TRANSACTIONS_NOT_FROZEN	The request to thaw frozen transactions was ignored because transactions were not previously frozen.
00001AB8	ERROR_TRANSACTION_FREEZE_IN_PROGRESS	Transactions cannot be frozen because a freeze is already in progress.
00001AB9	ERROR_NOT_SNAPSHOT_VOLUME	The target volume is not a snapshot volume. This operation is only valid on a volume mounted as a snapshot.
00001ABA	ERROR_NO_SAVEPOINT_WITH_OPEN_FILES	The savepoint operation failed because files are open on the transaction. This is not permitted.
00001ABB	ERROR_DATA_LOST_REPAIR	Windows has discovered corruption in a file, and that file has since been repaired. Data loss might have occurred.
00001ABC	ERROR_SPARSE_NOT_ALLOWED_IN_TRANSACTION	The sparse operation could not be completed because a transaction is active on the file.
00001ABD	ERROR_TM_IDENTITY_MISMATCH	The call to create a transaction manager object failed because the Tm Identity stored in the logfile does not match the Tm Identity that was passed in as an argument.
00001ABE	ERROR_FLOATED_SECTION	I/O was attempted on a section object that has been floated as a result of a transaction ending. There is no valid data.
00001ABF	ERROR_CANNOT_ACCEPT_TRANSACTED_WORK	The transactional resource manager cannot currently accept transacted work due to a transient condition, such as low resources.
00001AC0	ERROR_CANNOT_ABORT_TRANSACTIONS	The transactional resource manager had too many transactions outstanding that could not be aborted. The transactional resource manager has been shut down.
00001B59	ERROR_CTX_WINSTATION_NAME_INVALID	The specified session name is invalid.
00001B5A	ERROR_CTX_INVALID_PD	The specified protocol driver is invalid.
00001B5B	ERROR_CTX_PD_NOT_FOUND	The specified protocol driver was not found in the system path.
00001B5C	ERROR_CTX_WD_NOT_FOUND	The specified terminal connection driver was not found in the system path.
00001B5D	ERROR_CTX_CANNOT_MAKE_EVENTLOG_ENTRY	A registry key for event logging could not be created for this session.
00001B5E	ERROR_CTX_SERVICE_NAME_COLLISION	A service with the same name already exists on the system.
00001B5F	ERROR_CTX_CLOSE_PENDING	A close operation is pending on the session.
00001B60	ERROR_CTX_NO_OUTBUF	There are no free output buffers available.
00001B61	ERROR_CTX_MODEM_INF_NOT_FOUND	The MODEM.INF file was not found.
00001B62	ERROR_CTX_INVALID_MODEMNAME	The modem name was not found in the MODEM.INF file.
00001B63	ERROR_CTX_MODEM_RESPONSE_ERROR	The modem did not accept the command sent to it. Verify that the configured modem name matches the attached modem.
00001B64	ERROR_CTX_MODEM_RESPONSE_TIMEOUT	The modem did not respond to the command sent to it. Verify that the modem is properly cabled and turned on.
00001B65	ERROR_CTX_MODEM_RESPONSE_NO_CARRIER	Carrier detect has failed or carrier has been dropped due to disconnect.
00001B66	ERROR_CTX_MODEM_RESPONSE_NO_DIALTONE	Dial tone not detected within the required time. Verify that the phone cable is properly attached and functional.
00001B67	ERROR_CTX_MODEM_RESPONSE_BUSY	Busy signal detected at remote site on callback.
00001B68	ERROR_CTX_MODEM_RESPONSE_VOICE	Voice detected at remote site on callback.
00001B69	ERROR_CTX_TD_ERROR	Transport driver error.
00001B6E	ERROR_CTX_WINSTATION_NOT_FOUND	The specified session cannot be found.
00001B6F	ERROR_CTX_WINSTATION_ALREADY_EXISTS	The specified session name is already in use.
00001B70	ERROR_CTX_WINSTATION_BUSY	The requested operation cannot be completed because the terminal connection is currently busy processing a connect, disconnect, reset, or delete operation.
00001B71	ERROR_CTX_BAD_VIDEO_MODE	An attempt has been made to connect to a session whose video mode is not supported by the current client.
00001B7B	ERROR_CTX_GRAPHICS_INVALID	The application attempted to enable DOS graphics mode. DOS graphics mode is not supported.
00001B7D	ERROR_CTX_LOGON_DISABLED	Your interactive logon privilege has been disabled. Contact your administrator.
00001B7E	ERROR_CTX_NOT_CONSOLE	The requested operation can be performed only on the system console. This is most often the result of a driver or system DLL requiring direct console access.
00001B80	ERROR_CTX_CLIENT_QUERY_TIMEOUT	The client failed to respond to the server connect message.
00001B81	ERROR_CTX_CONSOLE_DISCONNECT	Disconnecting the console session is not supported.
00001B82	ERROR_CTX_CONSOLE_CONNECT	Reconnecting a disconnected session to the console is not supported.
00001B84	ERROR_CTX_SHADOW_DENIED	The request to control another session remotely was denied.
00001B85	ERROR_CTX_WINSTATION_ACCESS_DENIED	The requested session access is denied.
00001B89	ERROR_CTX_INVALID_WD	The specified terminal connection driver is invalid.
00001B8A	ERROR_CTX_SHADOW_INVALID	The requested session cannot be controlled remotely. This might be because the session is disconnected or does not currently have a user logged on.
00001B8B	ERROR_CTX_SHADOW_DISABLED	The requested session is not configured to allow remote control.
00001B8C	ERROR_CTX_CLIENT_LICENSE_IN_USE	Your request to connect to this terminal server has been rejected. Your terminal server client license number is currently being used by another user. Call your system administrator to obtain a unique license number.
00001B8D	ERROR_CTX_CLIENT_LICENSE_NOT_SET	Your request to connect to this terminal server has been rejected. Your terminal server client license number has not been entered for this copy of the terminal server client. Contact your system administrator.
00001B8E	ERROR_CTX_LICENSE_NOT_AVAILABLE	The number of connections to this computer is limited and all connections are in use right now. Try connecting later or contact your system administrator.
00001B8F	ERROR_CTX_LICENSE_CLIENT_INVALID	The client you are using is not licensed to use this system. Your logon request is denied.
00001B90	ERROR_CTX_LICENSE_EXPIRED	The system license has expired. Your logon request is denied.
00001B91	ERROR_CTX_SHADOW_NOT_RUNNING	Remote control could not be terminated because the specified session is not currently being remotely controlled.
00001B92	ERROR_CTX_SHADOW_ENDED_BY_MODE_CHANGE	The remote control of the console was terminated because the display mode was changed. Changing the display mode in a remote control session is not supported.
00001B93	ERROR_ACTIVATION_COUNT_EXCEEDED	Activation has already been reset the maximum number of times for this installation. Your activation timer will not be cleared.
00001B94	ERROR_CTX_WINSTATIONS_DISABLED	Remote logons are currently disabled.
00001B95	ERROR_CTX_ENCRYPTION_LEVEL_REQUIRED	You do not have the proper encryption level to access this session.
00001B96	ERROR_CTX_SESSION_IN_USE	The user %s\\%s is currently logged on to this computer. Only the current user or an administrator can log on to this computer.
00001B97	ERROR_CTX_NO_FORCE_LOGOFF	The user %s\\%s is already logged on to the console of this computer. You do not have permission to log in at this time. To resolve this issue, contact %s\\%s and have them log off.
00001B98	ERROR_CTX_ACCOUNT_RESTRICTION	Unable to log you on because of an account restriction.
00001B99	ERROR_RDP_PROTOCOL_ERROR	The RDP component %2 detected an error in the protocol stream and has disconnected the client.
00001B9A	ERROR_CTX_CDM_CONNECT	The Client Drive Mapping Service has connected on terminal connection.
00001B9B	ERROR_CTX_CDM_DISCONNECT	The Client Drive Mapping Service has disconnected on terminal connection.
00001B9C	ERROR_CTX_SECURITY_LAYER_ERROR	The terminal server security layer detected an error in the protocol stream and has disconnected the client.
00001B9D	ERROR_TS_INCOMPATIBLE_SESSIONS	The target session is incompatible with the current session.
00001F41	FRS_ERR_INVALID_API_SEQUENCE	The file replication service API was called incorrectly.
00001F42	FRS_ERR_STARTING_SERVICE	The file replication service cannot be started.
00001F43	FRS_ERR_STOPPING_SERVICE	The file replication service cannot be stopped.
00001F44	FRS_ERR_INTERNAL_API	The file replication service API terminated the request. The event log might contain more information.
00001F45	FRS_ERR_INTERNAL	The file replication service terminated the request. The event log might contain more information.
00001F46	FRS_ERR_SERVICE_COMM	The file replication service cannot be contacted. The event log might contain more information.
00001F47	FRS_ERR_INSUFFICIENT_PRIV	The file replication service cannot satisfy the request because the user has insufficient privileges. The event log might contain more information.
00001F48	FRS_ERR_AUTHENTICATION	The file replication service cannot satisfy the request because authenticated RPC is not available. The event log might contain more information.
00001F49	FRS_ERR_PARENT_INSUFFICIENT_PRIV	The file replication service cannot satisfy the request because the user has insufficient privileges on the domain controller. The event log might contain more information.
00001F4A	FRS_ERR_PARENT_AUTHENTICATION	The file replication service cannot satisfy the request because authenticated RPC is not available on the domain controller. The event log might contain more information.
00001F4B	FRS_ERR_CHILD_TO_PARENT_COMM	The file replication service cannot communicate with the file replication service on the domain controller. The event log might contain more information.
00001F4C	FRS_ERR_PARENT_TO_CHILD_COMM	The file replication service on the domain controller cannot communicate with the file replication service on this computer. The event log might contain more information.
00001F4D	FRS_ERR_SYSVOL_POPULATE	The file replication service cannot populate the system volume because of an internal error. The event log might contain more information.
00001F4E	FRS_ERR_SYSVOL_POPULATE_TIMEOUT	The file replication service cannot populate the system volume because of an internal time-out. The event log might contain more information.
00001F4F	FRS_ERR_SYSVOL_IS_BUSY	The file replication service cannot process the request. The system volume is busy with a previous request.
00001F50	FRS_ERR_SYSVOL_DEMOTE	The file replication service cannot stop replicating the system volume because of an internal error. The event log might contain more information.
00001F51	FRS_ERR_INVALID_SERVICE_PARAMETER	The file replication service detected an invalid parameter.
00002008	ERROR_DS_NOT_INSTALLED	An error occurred while installing the directory service. For more information, see the event log.
00002009	ERROR_DS_MEMBERSHIP_EVALUATED_LOCALLY	The directory service evaluated group memberships locally.
0000200A	ERROR_DS_NO_ATTRIBUTE_OR_VALUE	The specified directory service attribute or value does not exist.
0000200B	ERROR_DS_INVALID_ATTRIBUTE_SYNTAX	The attribute syntax specified to the directory service is invalid.
0000200C	ERROR_DS_ATTRIBUTE_TYPE_UNDEFINED	The attribute type specified to the directory service is not defined.
0000200D	ERROR_DS_ATTRIBUTE_OR_VALUE_EXISTS	The specified directory service attribute or value already exists.
0000200E	ERROR_DS_BUSY	The directory service is busy.
0000200F	ERROR_DS_UNAVAILABLE	The directory service is unavailable.
00002010	ERROR_DS_NO_RIDS_ALLOCATED	The directory service was unable to allocate a relative identifier.
00002011	ERROR_DS_NO_MORE_RIDS	The directory service has exhausted the pool of relative identifiers.
00002012	ERROR_DS_INCORRECT_ROLE_OWNER	The requested operation could not be performed because the directory service is not the master for that type of operation.
00002013	ERROR_DS_RIDMGR_INIT_ERROR	The directory service was unable to initialize the subsystem that allocates relative identifiers.
00002014	ERROR_DS_OBJ_CLASS_VIOLATION	The requested operation did not satisfy one or more constraints associated with the class of the object.
00002015	ERROR_DS_CANT_ON_NON_LEAF	The directory service can perform the requested operation only on a leaf object.
00002016	ERROR_DS_CANT_ON_RDN	The directory service cannot perform the requested operation on the relative distinguished name (RDN) attribute of an object.
00002017	ERROR_DS_CANT_MOD_OBJ_CLASS	The directory service detected an attempt to modify the object class of an object.
00002018	ERROR_DS_CROSS_DOM_MOVE_ERROR	The requested cross-domain move operation could not be performed.
00002019	ERROR_DS_GC_NOT_AVAILABLE	Unable to contact the global catalog (GC) server.
0000201A	ERROR_SHARED_POLICY	The policy object is shared and can only be modified at the root.
0000201B	ERROR_POLICY_OBJECT_NOT_FOUND	The policy object does not exist.
0000201C	ERROR_POLICY_ONLY_IN_DS	The requested policy information is only in the directory service.
0000201D	ERROR_PROMOTION_ACTIVE	A domain controller promotion is currently active.
0000201E	ERROR_NO_PROMOTION_ACTIVE	A domain controller promotion is not currently active.
00002020	ERROR_DS_OPERATIONS_ERROR	An operations error occurred.
00002021	ERROR_DS_PROTOCOL_ERROR	A protocol error occurred.
00002022	ERROR_DS_TIMELIMIT_EXCEEDED	The time limit for this request was exceeded.
00002023	ERROR_DS_SIZELIMIT_EXCEEDED	The size limit for this request was exceeded.
00002024	ERROR_DS_ADMIN_LIMIT_EXCEEDED	The administrative limit for this request was exceeded.
00002025	ERROR_DS_COMPARE_FALSE	The compare response was false.
00002026	ERROR_DS_COMPARE_TRUE	The compare response was true.
00002027	ERROR_DS_AUTH_METHOD_NOT_SUPPORTED	The requested authentication method is not supported by the server.
00002028	ERROR_DS_STRONG_AUTH_REQUIRED	A more secure authentication method is required for this server.
00002029	ERROR_DS_INAPPROPRIATE_AUTH	Inappropriate authentication.
0000202A	ERROR_DS_AUTH_UNKNOWN	The authentication mechanism is unknown.
0000202B	ERROR_DS_REFERRAL	A referral was returned from the server.
0000202C	ERROR_DS_UNAVAILABLE_CRIT_EXTENSION	The server does not support the requested critical extension.
0000202D	ERROR_DS_CONFIDENTIALITY_REQUIRED	This request requires a secure connection.
0000202E	ERROR_DS_INAPPROPRIATE_MATCHING	Inappropriate matching.
0000202F	ERROR_DS_CONSTRAINT_VIOLATION	A constraint violation occurred.
00002030	ERROR_DS_NO_SUCH_OBJECT	There is no such object on the server.
00002031	ERROR_DS_ALIAS_PROBLEM	There is an alias problem.
00002032	ERROR_DS_INVALID_DN_SYNTAX	An invalid dn syntax has been specified.
00002033	ERROR_DS_IS_LEAF	The object is a leaf object.
00002034	ERROR_DS_ALIAS_DEREF_PROBLEM	There is an alias dereferencing problem.
00002035	ERROR_DS_UNWILLING_TO_PERFORM	The server is unwilling to process the request.
00002036	ERROR_DS_LOOP_DETECT	A loop has been detected.
00002037	ERROR_DS_NAMING_VIOLATION	There is a naming violation.
00002038	ERROR_DS_OBJECT_RESULTS_TOO_LARGE	The result set is too large.
00002039	ERROR_DS_AFFECTS_MULTIPLE_DSAS	The operation affects multiple DSAs.
0000203A	ERROR_DS_SERVER_DOWN	The server is not operational.
0000203B	ERROR_DS_LOCAL_ERROR	A local error has occurred.
0000203C	ERROR_DS_ENCODING_ERROR	An encoding error has occurred.
0000203D	ERROR_DS_DECODING_ERROR	A decoding error has occurred.
0000203E	ERROR_DS_FILTER_UNKNOWN	The search filter cannot be recognized.
0000203F	ERROR_DS_PARAM_ERROR	One or more parameters are illegal.
00002040	ERROR_DS_NOT_SUPPORTED	The specified method is not supported.
00002041	ERROR_DS_NO_RESULTS_RETURNED	No results were returned.
00002042	ERROR_DS_CONTROL_NOT_FOUND	The specified control is not supported by the server.
00002043	ERROR_DS_CLIENT_LOOP	A referral loop was detected by the client.
00002044	ERROR_DS_REFERRAL_LIMIT_EXCEEDED	The preset referral limit was exceeded.
00002045	ERROR_DS_SORT_CONTROL_MISSING	The search requires a SORT control.
00002046	ERROR_DS_OFFSET_RANGE_ERROR	The search results exceed the offset range specified.
0000206D	ERROR_DS_ROOT_MUST_BE_NC	The root object must be the head of a naming context. The root object cannot have an instantiated parent.
0000206E	ERROR_DS_ADD_REPLICA_INHIBITED	The add replica operation cannot be performed. The naming context must be writable to create the replica.
0000206F	ERROR_DS_ATT_NOT_DEF_IN_SCHEMA	A reference to an attribute that is not defined in the schema occurred.
00002070	ERROR_DS_MAX_OBJ_SIZE_EXCEEDED	The maximum size of an object has been exceeded.
00002071	ERROR_DS_OBJ_STRING_NAME_EXISTS	An attempt was made to add an object to the directory with a name that is already in use.
00002072	ERROR_DS_NO_RDN_DEFINED_IN_SCHEMA	An attempt was made to add an object of a class that does not have an RDN defined in the schema.
00002073	ERROR_DS_RDN_DOESNT_MATCH_SCHEMA	An attempt was made to add an object using an RDN that is not the RDN defined in the schema.
00002074	ERROR_DS_NO_REQUESTED_ATTS_FOUND	None of the requested attributes were found on the objects.
00002075	ERROR_DS_USER_BUFFER_TO_SMALL	The user buffer is too small.
00002076	ERROR_DS_ATT_IS_NOT_ON_OBJ	The attribute specified in the operation is not present on the object.
00002077	ERROR_DS_ILLEGAL_MOD_OPERATION	Illegal modify operation. Some aspect of the modification is not permitted.
00002078	ERROR_DS_OBJ_TOO_LARGE	The specified object is too large.
00002079	ERROR_DS_BAD_INSTANCE_TYPE	The specified instance type is not valid.
0000207A	ERROR_DS_MASTERDSA_REQUIRED	The operation must be performed at a master DSA.
0000207B	ERROR_DS_OBJECT_CLASS_REQUIRED	The object class attribute must be specified.
0000207C	ERROR_DS_MISSING_REQUIRED_ATT	A required attribute is missing.
0000207D	ERROR_DS_ATT_NOT_DEF_FOR_CLASS	An attempt was made to modify an object to include an attribute that is not legal for its class.
0000207E	ERROR_DS_ATT_ALREADY_EXISTS	The specified attribute is already present on the object.
00002080	ERROR_DS_CANT_ADD_ATT_VALUES	The specified attribute is not present, or has no values.
00002081	ERROR_DS_SINGLE_VALUE_CONSTRAINT	Multiple values were specified for an attribute that can have only one value.
00002082	ERROR_DS_RANGE_CONSTRAINT	A value for the attribute was not in the acceptable range of values.
00002083	ERROR_DS_ATT_VAL_ALREADY_EXISTS	The specified value already exists.
00002084	ERROR_DS_CANT_REM_MISSING_ATT	The attribute cannot be removed because it is not present on the object.
00002085	ERROR_DS_CANT_REM_MISSING_ATT_VAL	The attribute value cannot be removed because it is not present on the object.
00002086	ERROR_DS_ROOT_CANT_BE_SUBREF	The specified root object cannot be a subreference.
00002087	ERROR_DS_NO_CHAINING	Chaining is not permitted.
00002088	ERROR_DS_NO_CHAINED_EVAL	Chained evaluation is not permitted.
00002089	ERROR_DS_NO_PARENT_OBJECT	The operation could not be performed because the object's parent is either uninstantiated or deleted.
0000208A	ERROR_DS_PARENT_IS_AN_ALIAS	Having a parent that is an alias is not permitted. Aliases are leaf objects.
0000208B	ERROR_DS_CANT_MIX_MASTER_AND_REPS	The object and parent must be of the same type, either both masters or both replicas.
0000208C	ERROR_DS_CHILDREN_EXIST	The operation cannot be performed because child objects exist. This operation can only be performed on a leaf object.
0000208D	ERROR_DS_OBJ_NOT_FOUND	Directory object not found.
0000208E	ERROR_DS_ALIASED_OBJ_MISSING	The aliased object is missing.
0000208F	ERROR_DS_BAD_NAME_SYNTAX	The object name has bad syntax.
00002090	ERROR_DS_ALIAS_POINTS_TO_ALIAS	An alias is not permitted to refer to another alias.
00002091	ERROR_DS_CANT_DEREF_ALIAS	The alias cannot be dereferenced.
00002092	ERROR_DS_OUT_OF_SCOPE	The operation is out of scope.
00002093	ERROR_DS_OBJECT_BEING_REMOVED	The operation cannot continue because the object is in the process of being removed.
00002094	ERROR_DS_CANT_DELETE_DSA_OBJ	The DSA object cannot be deleted.
00002095	ERROR_DS_GENERIC_ERROR	A directory service error has occurred.
00002096	ERROR_DS_DSA_MUST_BE_INT_MASTER	The operation can only be performed on an internal master DSA object.
00002097	ERROR_DS_CLASS_NOT_DSA	The object must be of class DSA.
00002098	ERROR_DS_INSUFF_ACCESS_RIGHTS	Insufficient access rights to perform the operation.
00002099	ERROR_DS_ILLEGAL_SUPERIOR	The object cannot be added because the parent is not on the list of possible superiors.
0000209A	ERROR_DS_ATTRIBUTE_OWNED_BY_SAM	Access to the attribute is not permitted because the attribute is owned by the SAM.
0000209B	ERROR_DS_NAME_TOO_MANY_PARTS	The name has too many parts.
0000209C	ERROR_DS_NAME_TOO_LONG	The name is too long.
0000209D	ERROR_DS_NAME_VALUE_TOO_LONG	The name value is too long.
0000209E	ERROR_DS_NAME_UNPARSEABLE	The directory service encountered an error parsing a name.
0000209F	ERROR_DS_NAME_TYPE_UNKNOWN	The directory service cannot get the attribute type for a name.
000020A0	ERROR_DS_NOT_AN_OBJECT	The name does not identify an object; the name identifies a phantom.
000020A1	ERROR_DS_SEC_DESC_TOO_SHORT	The security descriptor is too short.
000020A2	ERROR_DS_SEC_DESC_INVALID	The security descriptor is invalid.
000020A3	ERROR_DS_NO_DELETED_NAME	Failed to create name for deleted object.
000020A4	ERROR_DS_SUBREF_MUST_HAVE_PARENT	The parent of a new subreference must exist.
000020A5	ERROR_DS_NCNAME_MUST_BE_NC	The object must be a naming context.
000020A6	ERROR_DS_CANT_ADD_SYSTEM_ONLY	It is not permitted to add an attribute that is owned by the system.
000020A7	ERROR_DS_CLASS_MUST_BE_CONCRETE	The class of the object must be structural; you cannot instantiate an abstract class.
000020A8	ERROR_DS_INVALID_DMD	The schema object could not be found.
000020A9	ERROR_DS_OBJ_GUID_EXISTS	A local object with this GUID (dead or alive) already exists.
000020AA	ERROR_DS_NOT_ON_BACKLINK	The operation cannot be performed on a back link.
000020AB	ERROR_DS_NO_CROSSREF_FOR_NC	The cross-reference for the specified naming context could not be found.
000020AC	ERROR_DS_SHUTTING_DOWN	The operation could not be performed because the directory service is shutting down.
000020AD	ERROR_DS_UNKNOWN_OPERATION	The directory service request is invalid.
000020AE	ERROR_DS_INVALID_ROLE_OWNER	The role owner attribute could not be read.
000020AF	ERROR_DS_COULDNT_CONTACT_FSMO	The requested Flexible Single Master Operations (FSMO) operation failed. The current FSMO holder could not be contacted.
000020B0	ERROR_DS_CROSS_NC_DN_RENAME	Modification of a distinguished name across a naming context is not permitted.
000020B1	ERROR_DS_CANT_MOD_SYSTEM_ONLY	The attribute cannot be modified because it is owned by the system.
000020B2	ERROR_DS_REPLICATOR_ONLY	Only the replicator can perform this function.
000020B3	ERROR_DS_OBJ_CLASS_NOT_DEFINED	The specified class is not defined.
000020B4	ERROR_DS_OBJ_CLASS_NOT_SUBCLASS	The specified class is not a subclass.
000020B5	ERROR_DS_NAME_REFERENCE_INVALID	The name reference is invalid.
000020B6	ERROR_DS_CROSS_REF_EXISTS	A cross-reference already exists.
000020B7	ERROR_DS_CANT_DEL_MASTER_CROSSREF	It is not permitted to delete a master cross-reference.
000020B8	ERROR_DS_SUBTREE_NOTIFY_NOT_NC_HEAD	Subtree notifications are only supported on naming context (NC) heads.
000020B9	ERROR_DS_NOTIFY_FILTER_TOO_COMPLEX	Notification filter is too complex.
000020BA	ERROR_DS_DUP_RDN	Schema update failed: Duplicate RDN.
000020BB	ERROR_DS_DUP_OID	Schema update failed: Duplicate OID.
000020BC	ERROR_DS_DUP_MAPI_ID	Schema update failed: Duplicate Message Application Programming Interface (MAPI) identifier.
000020BD	ERROR_DS_DUP_SCHEMA_ID_GUID	Schema update failed: Duplicate schema ID GUID.
000020BE	ERROR_DS_DUP_LDAP_DISPLAY_NAME	Schema update failed: Duplicate LDAP display name.
000020BF	ERROR_DS_SEMANTIC_ATT_TEST	Schema update failed: Range-Lower less than Range-Upper.
000020C0	ERROR_DS_SYNTAX_MISMATCH	Schema update failed: Syntax mismatch.
000020C1	ERROR_DS_EXISTS_IN_MUST_HAVE	Schema deletion failed: Attribute is used in the Must-Contain list.
000020C2	ERROR_DS_EXISTS_IN_MAY_HAVE	Schema deletion failed: Attribute is used in the May-Contain list.
000020C3	ERROR_DS_NONEXISTENT_MAY_HAVE	Schema update failed: Attribute in May-Contain list does not exist.
000020C4	ERROR_DS_NONEXISTENT_MUST_HAVE	Schema update failed: Attribute in the Must-Contain list does not exist.
000020C5	ERROR_DS_AUX_CLS_TEST_FAIL	Schema update failed: Class in the Aux Class list does not exist or is not an auxiliary class.
000020C6	ERROR_DS_NONEXISTENT_POSS_SUP	Schema update failed: Class in the Poss-Superiors list does not exist.
000020C7	ERROR_DS_SUB_CLS_TEST_FAIL	Schema update failed: Class in the subclass of the list does not exist or does not satisfy hierarchy rules.
000020C8	ERROR_DS_BAD_RDN_ATT_ID_SYNTAX	Schema update failed: Rdn-Att-Id has wrong syntax.
000020C9	ERROR_DS_EXISTS_IN_AUX_CLS	Schema deletion failed: Class is used as an auxiliary class.
000020CA	ERROR_DS_EXISTS_IN_SUB_CLS	Schema deletion failed: Class is used as a subclass.
000020CB	ERROR_DS_EXISTS_IN_POSS_SUP	Schema deletion failed: Class is used as a Poss-Superior.
000020CC	ERROR_DS_RECALCSCHEMA_FAILED	Schema update failed in recalculating validation cache.
000020CD	ERROR_DS_TREE_DELETE_NOT_FINISHED	The tree deletion is not finished. The request must be made again to continue deleting the tree.
000020CE	ERROR_DS_CANT_DELETE	The requested delete operation could not be performed.
000020CF	ERROR_DS_ATT_SCHEMA_REQ_ID	Cannot read the governs class identifier for the schema record.
000020D0	ERROR_DS_BAD_ATT_SCHEMA_SYNTAX	The attribute schema has bad syntax.
000020D1	ERROR_DS_CANT_CACHE_ATT	The attribute could not be cached.
000020D2	ERROR_DS_CANT_CACHE_CLASS	The class could not be cached.
000020D3	ERROR_DS_CANT_REMOVE_ATT_CACHE	The attribute could not be removed from the cache.
000020D4	ERROR_DS_CANT_REMOVE_CLASS_CACHE	The class could not be removed from the cache.
000020D5	ERROR_DS_CANT_RETRIEVE_DN	The distinguished name attribute could not be read.
000020D6	ERROR_DS_MISSING_SUPREF	No superior reference has been configured for the directory service. The directory service is, therefore, unable to issue referrals to objects outside this forest.
000020D7	ERROR_DS_CANT_RETRIEVE_INSTANCE	The instance type attribute could not be retrieved.
000020D8	ERROR_DS_CODE_INCONSISTENCY	An internal error has occurred.
000020D9	ERROR_DS_DATABASE_ERROR	A database error has occurred.
000020DA	ERROR_DS_GOVERNSID_MISSING	The governsID attribute is missing.
000020DB	ERROR_DS_MISSING_EXPECTED_ATT	An expected attribute is missing.
000020DC	ERROR_DS_NCNAME_MISSING_CR_REF	The specified naming context is missing a cross-reference.
000020DD	ERROR_DS_SECURITY_CHECKING_ERROR	A security checking error has occurred.
000020DE	ERROR_DS_SCHEMA_NOT_LOADED	The schema is not loaded.
000020DF	ERROR_DS_SCHEMA_ALLOC_FAILED	Schema allocation failed. Check if the machine is running low on memory.
000020E0	ERROR_DS_ATT_SCHEMA_REQ_SYNTAX	Failed to obtain the required syntax for the attribute schema.
000020E1	ERROR_DS_GCVERIFY_ERROR	The GC verification failed. The GC is not available or does not support the operation. Some part of the directory is currently not available.
000020E2	ERROR_DS_DRA_SCHEMA_MISMATCH	The replication operation failed because of a schema mismatch between the servers involved.
000020E3	ERROR_DS_CANT_FIND_DSA_OBJ	The DSA object could not be found.
000020E4	ERROR_DS_CANT_FIND_EXPECTED_NC	The naming context could not be found.
000020E5	ERROR_DS_CANT_FIND_NC_IN_CACHE	The naming context could not be found in the cache.
000020E6	ERROR_DS_CANT_RETRIEVE_CHILD	The child object could not be retrieved.
000020E7	ERROR_DS_SECURITY_ILLEGAL_MODIFY	The modification was not permitted for security reasons.
000020E8	ERROR_DS_CANT_REPLACE_HIDDEN_REC	The operation cannot replace the hidden record.
000020E9	ERROR_DS_BAD_HIERARCHY_FILE	The hierarchy file is invalid.
000020EA	ERROR_DS_BUILD_HIERARCHY_TABLE_FAILED	The attempt to build the hierarchy table failed.
000020EB	ERROR_DS_CONFIG_PARAM_MISSING	The directory configuration parameter is missing from the registry.
000020EC	ERROR_DS_COUNTING_AB_INDICES_FAILED	The attempt to count the address book indices failed.
000020ED	ERROR_DS_HIERARCHY_TABLE_MALLOC_FAILED	The allocation of the hierarchy table failed.
000020EE	ERROR_DS_INTERNAL_FAILURE	The directory service encountered an internal failure.
000020EF	ERROR_DS_UNKNOWN_ERROR	The directory service encountered an unknown failure.
000020F0	ERROR_DS_ROOT_REQUIRES_CLASS_TOP	A root object requires a class of "top".
000020F1	ERROR_DS_REFUSING_FSMO_ROLES	This directory server is shutting down, and cannot take ownership of new floating single-master operation roles.
000020F2	ERROR_DS_MISSING_FSMO_SETTINGS	The directory service is missing mandatory configuration information and is unable to determine the ownership of floating single-master operation roles.
000020F3	ERROR_DS_UNABLE_TO_SURRENDER_ROLES	The directory service was unable to transfer ownership of one or more floating single-master operation roles to other servers.
000020F4	ERROR_DS_DRA_GENERIC	The replication operation failed.
000020F5	ERROR_DS_DRA_INVALID_PARAMETER	An invalid parameter was specified for this replication operation.
000020F6	ERROR_DS_DRA_BUSY	The directory service is too busy to complete the replication operation at this time.
000020F7	ERROR_DS_DRA_BAD_DN	The DN specified for this replication operation is invalid.
000020F8	ERROR_DS_DRA_BAD_NC	The naming context specified for this replication operation is invalid.
000020F9	ERROR_DS_DRA_DN_EXISTS	The DN specified for this replication operation already exists.
000020FA	ERROR_DS_DRA_INTERNAL_ERROR	The replication system encountered an internal error.
000020FB	ERROR_DS_DRA_INCONSISTENT_DIT	The replication operation encountered a database inconsistency.
000020FC	ERROR_DS_DRA_CONNECTION_FAILED	The server specified for this replication operation could not be contacted.
000020FD	ERROR_DS_DRA_BAD_INSTANCE_TYPE	The replication operation encountered an object with an invalid instance type.
000020FE	ERROR_DS_DRA_OUT_OF_MEM	The replication operation failed to allocate memory.
000020FF	ERROR_DS_DRA_MAIL_PROBLEM	The replication operation encountered an error with the mail system.
00002100	ERROR_DS_DRA_REF_ALREADY_EXISTS	The replication reference information for the target server already exists.
00002101	ERROR_DS_DRA_REF_NOT_FOUND	The replication reference information for the target server does not exist.
00002102	ERROR_DS_DRA_OBJ_IS_REP_SOURCE	The naming context cannot be removed because it is replicated to another server.
00002103	ERROR_DS_DRA_DB_ERROR	The replication operation encountered a database error.
00002104	ERROR_DS_DRA_NO_REPLICA	The naming context is in the process of being removed or is not replicated from the specified server.
00002105	ERROR_DS_DRA_ACCESS_DENIED	Replication access was denied.
00002106	ERROR_DS_DRA_NOT_SUPPORTED	The requested operation is not supported by this version of the directory service.
00002107	ERROR_DS_DRA_RPC_CANCELLED	The replication RPC was canceled.
00002108	ERROR_DS_DRA_SOURCE_DISABLED	The source server is currently rejecting replication requests.
00002109	ERROR_DS_DRA_SINK_DISABLED	The destination server is currently rejecting replication requests.
0000210A	ERROR_DS_DRA_NAME_COLLISION	The replication operation failed due to a collision of object names.
0000210B	ERROR_DS_DRA_SOURCE_REINSTALLED	The replication source has been reinstalled.
0000210C	ERROR_DS_DRA_MISSING_PARENT	The replication operation failed because a required parent object is missing.
0000210D	ERROR_DS_DRA_PREEMPTED	The replication operation was preempted.
0000210E	ERROR_DS_DRA_ABANDON_SYNC	The replication synchronization attempt was abandoned because of a lack of updates.
0000210F	ERROR_DS_DRA_SHUTDOWN	The replication operation was terminated because the system is shutting down.
00002110	ERROR_DS_DRA_INCOMPATIBLE_PARTIAL_SET	A synchronization attempt failed because the destination DC is currently waiting to synchronize new partial attributes from the source. This condition is normal if a recent schema change modified the partial attribute set. The destination partial attribute set is not a subset of the source partial attribute set.
00002111	ERROR_DS_DRA_SOURCE_IS_PARTIAL_REPLICA	The replication synchronization attempt failed because a master replica attempted to sync from a partial replica.
00002112	ERROR_DS_DRA_EXTN_CONNECTION_FAILED	The server specified for this replication operation was contacted, but that server was unable to contact an additional server needed to complete the operation.
00002113	ERROR_DS_INSTALL_SCHEMA_MISMATCH	The version of the directory service schema of the source forest is not compatible with the version of the directory service on this computer.
00002114	ERROR_DS_DUP_LINK_ID	Schema update failed: An attribute with the same link identifier already exists.
00002115	ERROR_DS_NAME_ERROR_RESOLVING	Name translation: Generic processing error.
00002116	ERROR_DS_NAME_ERROR_NOT_FOUND	Name translation: Could not find the name or insufficient right to see name.
00002117	ERROR_DS_NAME_ERROR_NOT_UNIQUE	Name translation: Input name mapped to more than one output name.
00002118	ERROR_DS_NAME_ERROR_NO_MAPPING	Name translation: The input name was found but not the associated output format.
00002119	ERROR_DS_NAME_ERROR_DOMAIN_ONLY	Name translation: Unable to resolve completely, only the domain was found.
0000211A	ERROR_DS_NAME_ERROR_NO_SYNTACTICAL_MAPPING	Name translation: Unable to perform purely syntactical mapping at the client without going out to the wire.
0000211B	ERROR_DS_CONSTRUCTED_ATT_MOD	Modification of a constructed attribute is not allowed.
0000211C	ERROR_DS_WRONG_OM_OBJ_CLASS	The OM-Object-Class specified is incorrect for an attribute with the specified syntax.
0000211D	ERROR_DS_DRA_REPL_PENDING	The replication request has been posted; waiting for a reply.
0000211E	ERROR_DS_DS_REQUIRED	The requested operation requires a directory service, and none was available.
0000211F	ERROR_DS_INVALID_LDAP_DISPLAY_NAME	The LDAP display name of the class or attribute contains non-ASCII characters.
00002120	ERROR_DS_NON_BASE_SEARCH	The requested search operation is only supported for base searches.
00002121	ERROR_DS_CANT_RETRIEVE_ATTS	The search failed to retrieve attributes from the database.
00002122	ERROR_DS_BACKLINK_WITHOUT_LINK	The schema update operation tried to add a backward link attribute that has no corresponding forward link.
00002123	ERROR_DS_EPOCH_MISMATCH	The source and destination of a cross-domain move do not agree on the object's epoch number. Either the source or the destination does not have the latest version of the object.
00002124	ERROR_DS_SRC_NAME_MISMATCH	The source and destination of a cross-domain move do not agree on the object's current name. Either the source or the destination does not have the latest version of the object.
00002125	ERROR_DS_SRC_AND_DST_NC_IDENTICAL	The source and destination for the cross-domain move operation are identical. The caller should use a local move operation instead of a cross-domain move operation.
00002126	ERROR_DS_DST_NC_MISMATCH	The source and destination for a cross-domain move do not agree on the naming contexts in the forest. Either the source or the destination does not have the latest version of the Partitions container.
00002127	ERROR_DS_NOT_AUTHORITIVE_FOR_DST_NC	The destination of a cross-domain move is not authoritative for the destination naming context.
00002128	ERROR_DS_SRC_GUID_MISMATCH	The source and destination of a cross-domain move do not agree on the identity of the source object. Either the source or the destination does not have the latest version of the source object.
00002129	ERROR_DS_CANT_MOVE_DELETED_OBJECT	The object being moved across domains is already known to be deleted by the destination server. The source server does not have the latest version of the source object.
0000212A	ERROR_DS_PDC_OPERATION_IN_PROGRESS	Another operation that requires exclusive access to the PDC FSMO is already in progress.
0000212B	ERROR_DS_CROSS_DOMAIN_CLEANUP_REQD	A cross-domain move operation failed because two versions of the moved object exist—one each in the source and destination domains. The destination object needs to be removed to restore the system to a consistent state.
0000212C	ERROR_DS_ILLEGAL_XDOM_MOVE_OPERATION	This object cannot be moved across domain boundaries either because cross-domain moves for this class are not allowed, or the object has some special characteristics, for example, a trust account or a restricted relative identifier (RID), that prevent its move.
0000212D	ERROR_DS_CANT_WITH_ACCT_GROUP_MEMBERSHPS	Cannot move objects with memberships across domain boundaries because, once moved, this violates the membership conditions of the account group. Remove the object from any account group memberships and retry.
0000212E	ERROR_DS_NC_MUST_HAVE_NC_PARENT	A naming context head must be the immediate child of another naming context head, not of an interior node.
0000212F	ERROR_DS_CR_IMPOSSIBLE_TO_VALIDATE	The directory cannot validate the proposed naming context name because it does not hold a replica of the naming context above the proposed naming context. Ensure that the domain naming master role is held by a server that is configured as a GC server, and that the server is up-to-date with its replication partners. (Applies only to Windows 2000 operating system domain naming masters.)
00002130	ERROR_DS_DST_DOMAIN_NOT_NATIVE	Destination domain must be in native mode.
00002131	ERROR_DS_MISSING_INFRASTRUCTURE_CONTAINER	The operation cannot be performed because the server does not have an infrastructure container in the domain of interest.
00002132	ERROR_DS_CANT_MOVE_ACCOUNT_GROUP	Cross-domain moves of nonempty account groups is not allowed.
00002133	ERROR_DS_CANT_MOVE_RESOURCE_GROUP	Cross-domain moves of nonempty resource groups is not allowed.
00002134	ERROR_DS_INVALID_SEARCH_FLAG	The search flags for the attribute are invalid. The ambiguous name resolution (ANR) bit is valid only on attributes of Unicode or Teletex strings.
00002135	ERROR_DS_NO_TREE_DELETE_ABOVE_NC	Tree deletions starting at an object that has an NC head as a descendant are not allowed.
00002136	ERROR_DS_COULDNT_LOCK_TREE_FOR_DELETE	The directory service failed to lock a tree in preparation for a tree deletion because the tree was in use.
00002137	ERROR_DS_COULDNT_IDENTIFY_OBJECTS_FOR_TREE_DELETE	The directory service failed to identify the list of objects to delete while attempting a tree deletion.
00002138	ERROR_DS_SAM_INIT_FAILURE	SAM initialization failed because of the following error: %1. Error Status: 0x%2. Click OK to shut down the system and reboot into Directory Services Restore Mode. Check the event log for detailed information.
00002139	ERROR_DS_SENSITIVE_GROUP_VIOLATION	Only an administrator can modify the membership list of an administrative group.
0000213A	ERROR_DS_CANT_MOD_PRIMARYGROUPID	Cannot change the primary group ID of a domain controller account.
0000213B	ERROR_DS_ILLEGAL_BASE_SCHEMA_MOD	An attempt was made to modify the base schema.
0000213C	ERROR_DS_NONSAFE_SCHEMA_CHANGE	Adding a new mandatory attribute to an existing class, deleting a mandatory attribute from an existing class, or adding an optional attribute to the special class Top that is not a backlink attribute (directly or through inheritance, for example, by adding or deleting an auxiliary class) is not allowed.
0000213D	ERROR_DS_SCHEMA_UPDATE_DISALLOWED	Schema update is not allowed on this DC because the DC is not the schema FSMO role owner.
0000213E	ERROR_DS_CANT_CREATE_UNDER_SCHEMA	An object of this class cannot be created under the schema container. You can only create Attribute-Schema and Class-Schema objects under the schema container.
0000213F	ERROR_DS_INSTALL_NO_SRC_SCH_VERSION	The replica or child install failed to get the objectVersion attribute on the schema container on the source DC. Either the attribute is missing on the schema container or the credentials supplied do not have permission to read it.
00002140	ERROR_DS_INSTALL_NO_SCH_VERSION_IN_INIFILE	The replica or child install failed to read the objectVersion attribute in the SCHEMA section of the file schema.ini in the System32 directory.
00002141	ERROR_DS_INVALID_GROUP_TYPE	The specified group type is invalid.
00002142	ERROR_DS_NO_NEST_GLOBALGROUP_IN_MIXEDDOMAIN	You cannot nest global groups in a mixed domain if the group is security-enabled.
00002143	ERROR_DS_NO_NEST_LOCALGROUP_IN_MIXEDDOMAIN	You cannot nest local groups in a mixed domain if the group is security-enabled.
00002144	ERROR_DS_GLOBAL_CANT_HAVE_LOCAL_MEMBER	A global group cannot have a local group as a member.
00002145	ERROR_DS_GLOBAL_CANT_HAVE_UNIVERSAL_MEMBER	A global group cannot have a universal group as a member.
00002146	ERROR_DS_UNIVERSAL_CANT_HAVE_LOCAL_MEMBER	A universal group cannot have a local group as a member.
00002147	ERROR_DS_GLOBAL_CANT_HAVE_CROSSDOMAIN_MEMBER	A global group cannot have a cross-domain member.
00002148	ERROR_DS_LOCAL_CANT_HAVE_CROSSDOMAIN_LOCAL_MEMBER	A local group cannot have another cross domain local group as a member.
00002149	ERROR_DS_HAVE_PRIMARY_MEMBERS	A group with primary members cannot change to a security-disabled group.
0000214A	ERROR_DS_STRING_SD_CONVERSION_FAILED	The schema cache load failed to convert the string default security descriptor (SD) on a class-schema object.
0000214B	ERROR_DS_NAMING_MASTER_GC	Only DSAs configured to be GC servers should be allowed to hold the domain naming master FSMO role. (Applies only to Windows 2000 servers.)
0000214C	ERROR_DS_DNS_LOOKUP_FAILURE	The DSA operation is unable to proceed because of a DNS lookup failure.
0000214D	ERROR_DS_COULDNT_UPDATE_SPNS	While processing a change to the DNS host name for an object, the SPN values could not be kept in sync.
0000214E	ERROR_DS_CANT_RETRIEVE_SD	The Security Descriptor attribute could not be read.
0000214F	ERROR_DS_KEY_NOT_UNIQUE	The object requested was not found, but an object with that key was found.
00002150	ERROR_DS_WRONG_LINKED_ATT_SYNTAX	The syntax of the linked attribute being added is incorrect. Forward links can only have syntax 2.5.5.1, 2.5.5.7, and 2.5.5.14, and backlinks can only have syntax 2.5.5.1.
00002151	ERROR_DS_SAM_NEED_BOOTKEY_PASSWORD	SAM needs to get the boot password.
00002152	ERROR_DS_SAM_NEED_BOOTKEY_FLOPPY	SAM needs to get the boot key from the floppy disk.
00002153	ERROR_DS_CANT_START	Directory Service cannot start.
00002154	ERROR_DS_INIT_FAILURE	Directory Services could not start.
00002155	ERROR_DS_NO_PKT_PRIVACY_ON_CONNECTION	The connection between client and server requires packet privacy or better.
00002156	ERROR_DS_SOURCE_DOMAIN_IN_FOREST	The source domain cannot be in the same forest as the destination.
00002157	ERROR_DS_DESTINATION_DOMAIN_NOT_IN_FOREST	The destination domain MUST be in the forest.
00002158	ERROR_DS_DESTINATION_AUDITING_NOT_ENABLED	The operation requires that destination domain auditing be enabled.
00002159	ERROR_DS_CANT_FIND_DC_FOR_SRC_DOMAIN	The operation could not locate a DC for the source domain.
0000215A	ERROR_DS_SRC_OBJ_NOT_GROUP_OR_USER	The source object must be a group or user.
0000215B	ERROR_DS_SRC_SID_EXISTS_IN_FOREST	The source object's SID already exists in the destination forest.
0000215C	ERROR_DS_SRC_AND_DST_OBJECT_CLASS_MISMATCH	The source and destination object must be of the same type.
0000215D	ERROR_SAM_INIT_FAILURE	SAM initialization failed because of the following error: %1. Error Status: 0x%2. Click OK to shut down the system and reboot into Safe Mode. Check the event log for detailed information.
0000215E	ERROR_DS_DRA_SCHEMA_INFO_SHIP	Schema information could not be included in the replication request.
0000215F	ERROR_DS_DRA_SCHEMA_CONFLICT	The replication operation could not be completed due to a schema incompatibility.
00002160	ERROR_DS_DRA_EARLIER_SCHEMA_CONFLICT	The replication operation could not be completed due to a previous schema incompatibility.
00002161	ERROR_DS_DRA_OBJ_NC_MISMATCH	The replication update could not be applied because either the source or the destination has not yet received information regarding a recent cross-domain move operation.
00002162	ERROR_DS_NC_STILL_HAS_DSAS	The requested domain could not be deleted because there exist domain controllers that still host this domain.
00002163	ERROR_DS_GC_REQUIRED	The requested operation can be performed only on a GC server.
00002164	ERROR_DS_LOCAL_MEMBER_OF_LOCAL_ONLY	A local group can only be a member of other local groups in the same domain.
00002165	ERROR_DS_NO_FPO_IN_UNIVERSAL_GROUPS	Foreign security principals cannot be members of universal groups.
00002166	ERROR_DS_CANT_ADD_TO_GC	The attribute is not allowed to be replicated to the GC because of security reasons.
00002167	ERROR_DS_NO_CHECKPOINT_WITH_PDC	The checkpoint with the PDC could not be taken because too many modifications are currently being processed.
00002168	ERROR_DS_SOURCE_AUDITING_NOT_ENABLED	The operation requires that source domain auditing be enabled.
00002169	ERROR_DS_CANT_CREATE_IN_NONDOMAIN_NC	Security principal objects can only be created inside domain naming contexts.
0000216A	ERROR_DS_INVALID_NAME_FOR_SPN	An SPN could not be constructed because the provided host name is not in the necessary format.
0000216B	ERROR_DS_FILTER_USES_CONTRUCTED_ATTRS	A filter was passed that uses constructed attributes.
0000216C	ERROR_DS_UNICODEPWD_NOT_IN_QUOTES	The unicodePwd attribute value must be enclosed in quotation marks.
0000216D	ERROR_DS_MACHINE_ACCOUNT_QUOTA_EXCEEDED	Your computer could not be joined to the domain. You have exceeded the maximum number of computer accounts you are allowed to create in this domain. Contact your system administrator to have this limit reset or increased.
0000216E	ERROR_DS_MUST_BE_RUN_ON_DST_DC	For security reasons, the operation must be run on the destination DC.
0000216F	ERROR_DS_SRC_DC_MUST_BE_SP4_OR_GREATER	For security reasons, the source DC must be NT4SP4 or greater.
00002170	ERROR_DS_CANT_TREE_DELETE_CRITICAL_OBJ	Critical directory service system objects cannot be deleted during tree deletion operations. The tree deletion might have been partially performed.
00002171	ERROR_DS_INIT_FAILURE_CONSOLE	Directory Services could not start because of the following error: %1. Error Status: 0x%2. Click OK to shut down the system. You can use the Recovery Console to further diagnose the system.
00002172	ERROR_DS_SAM_INIT_FAILURE_CONSOLE	SAM initialization failed because of the following error: %1. Error Status: 0x%2. Click OK to shut down the system. You can use the Recovery Console to further diagnose the system.
00002173	ERROR_DS_FOREST_VERSION_TOO_HIGH	The version of the operating system installed is incompatible with the current forest functional level. You must upgrade to a new version of the operating system before this server can become a domain controller in this forest.
00002174	ERROR_DS_DOMAIN_VERSION_TOO_HIGH	The version of the operating system installed is incompatible with the current domain functional level. You must upgrade to a new version of the operating system before this server can become a domain controller in this domain.
00002175	ERROR_DS_FOREST_VERSION_TOO_LOW	The version of the operating system installed on this server no longer supports the current forest functional level. You must raise the forest functional level before this server can become a domain controller in this forest.
00002176	ERROR_DS_DOMAIN_VERSION_TOO_LOW	The version of the operating system installed on this server no longer supports the current domain functional level. You must raise the domain functional level before this server can become a domain controller in this domain.
00002177	ERROR_DS_INCOMPATIBLE_VERSION	The version of the operating system installed on this server is incompatible with the functional level of the domain or forest.
00002178	ERROR_DS_LOW_DSA_VERSION	The functional level of the domain (or forest) cannot be raised to the requested value because one or more domain controllers in the domain (or forest) are at a lower, incompatible functional level.
00002179	ERROR_DS_NO_BEHAVIOR_VERSION_IN_MIXEDDOMAIN	The forest functional level cannot be raised to the requested value because one or more domains are still in mixed-domain mode. All domains in the forest must be in native mode for you to raise the forest functional level.
0000217A	ERROR_DS_NOT_SUPPORTED_SORT_ORDER	The sort order requested is not supported.
0000217B	ERROR_DS_NAME_NOT_UNIQUE	The requested name already exists as a unique identifier.
0000217C	ERROR_DS_MACHINE_ACCOUNT_CREATED_PRENT4	The machine account was created before Windows NT 4.0. The account needs to be re-created.
0000217D	ERROR_DS_OUT_OF_VERSION_STORE	The database is out of version store.
0000217E	ERROR_DS_INCOMPATIBLE_CONTROLS_USED	Unable to continue operation because multiple conflicting controls were used.
0000217F	ERROR_DS_NO_REF_DOMAIN	Unable to find a valid security descriptor reference domain for this partition.
00002180	ERROR_DS_RESERVED_LINK_ID	Schema update failed: The link identifier is reserved.
00002181	ERROR_DS_LINK_ID_NOT_AVAILABLE	Schema update failed: There are no link identifiers available.
00002182	ERROR_DS_AG_CANT_HAVE_UNIVERSAL_MEMBER	An account group cannot have a universal group as a member.
00002183	ERROR_DS_MODIFYDN_DISALLOWED_BY_INSTANCE_TYPE	Rename or move operations on naming context heads or read-only objects are not allowed.
00002184	ERROR_DS_NO_OBJECT_MOVE_IN_SCHEMA_NC	Move operations on objects in the schema naming context are not allowed.
00002185	ERROR_DS_MODIFYDN_DISALLOWED_BY_FLAG	A system flag has been set on the object that does not allow the object to be moved or renamed.
00002186	ERROR_DS_MODIFYDN_WRONG_GRANDPARENT	This object is not allowed to change its grandparent container. Moves are not forbidden on this object, but are restricted to sibling containers.
00002187	ERROR_DS_NAME_ERROR_TRUST_REFERRAL	Unable to resolve completely; a referral to another forest was generated.
00002188	ERROR_NOT_SUPPORTED_ON_STANDARD_SERVER	The requested action is not supported on a standard server.
00002189	ERROR_DS_CANT_ACCESS_REMOTE_PART_OF_AD	Could not access a partition of the directory service located on a remote server. Make sure at least one server is running for the partition in question.
0000218A	ERROR_DS_CR_IMPOSSIBLE_TO_VALIDATE_V2	The directory cannot validate the proposed naming context (or partition) name because it does not hold a replica, nor can it contact a replica of the naming context above the proposed naming context. Ensure that the parent naming context is properly registered in the DNS, and at least one replica of this naming context is reachable by the domain naming master.
0000218B	ERROR_DS_THREAD_LIMIT_EXCEEDED	The thread limit for this request was exceeded.
0000218C	ERROR_DS_NOT_CLOSEST	The GC server is not in the closest site.
0000218D	ERROR_DS_CANT_DERIVE_SPN_WITHOUT_SERVER_REF	The directory service cannot derive an SPN with which to mutually authenticate the target server because the corresponding server object in the local DS database has no serverReference attribute.
0000218E	ERROR_DS_SINGLE_USER_MODE_FAILED	The directory service failed to enter single-user mode.
0000218F	ERROR_DS_NTDSCRIPT_SYNTAX_ERROR	The directory service cannot parse the script because of a syntax error.
00002190	ERROR_DS_NTDSCRIPT_PROCESS_ERROR	The directory service cannot process the script because of an error.
00002191	ERROR_DS_DIFFERENT_REPL_EPOCHS	The directory service cannot perform the requested operation because the servers involved are of different replication epochs (which is usually related to a domain rename that is in progress).
00002192	ERROR_DS_DRS_EXTENSIONS_CHANGED	The directory service binding must be renegotiated due to a change in the server extensions information.
00002193	ERROR_DS_REPLICA_SET_CHANGE_NOT_ALLOWED_ON_DISABLED_CR	The operation is not allowed on a disabled cross-reference.
00002194	ERROR_DS_NO_MSDS_INTID	Schema update failed: No values for msDS-IntId are available.
00002195	ERROR_DS_DUP_MSDS_INTID	Schema update failed: Duplicate msDS-IntId. Retry the operation.
00002196	ERROR_DS_EXISTS_IN_RDNATTID	Schema deletion failed: Attribute is used in rDNAttID.
00002197	ERROR_DS_AUTHORIZATION_FAILED	The directory service failed to authorize the request.
00002198	ERROR_DS_INVALID_SCRIPT	The directory service cannot process the script because it is invalid.
00002199	ERROR_DS_REMOTE_CROSSREF_OP_FAILED	The remote create cross-reference operation failed on the domain naming master FSMO. The operation's error is in the extended data.
0000219A	ERROR_DS_CROSS_REF_BUSY	A cross-reference is in use locally with the same name.
0000219B	ERROR_DS_CANT_DERIVE_SPN_FOR_DELETED_DOMAIN	The directory service cannot derive an SPN with which to mutually authenticate the target server because the server's domain has been deleted from the forest.
0000219C	ERROR_DS_CANT_DEMOTE_WITH_WRITEABLE_NC	Writable NCs prevent this DC from demoting.
0000219D	ERROR_DS_DUPLICATE_ID_FOUND	The requested object has a nonunique identifier and cannot be retrieved.
0000219E	ERROR_DS_INSUFFICIENT_ATTR_TO_CREATE_OBJECT	Insufficient attributes were given to create an object. This object might not exist because it might have been deleted and the garbage already collected.
0000219F	ERROR_DS_GROUP_CONVERSION_ERROR	The group cannot be converted due to attribute restrictions on the requested group type.
000021A0	ERROR_DS_CANT_MOVE_APP_BASIC_GROUP	Cross-domain moves of nonempty basic application groups is not allowed.
000021A1	ERROR_DS_CANT_MOVE_APP_QUERY_GROUP	Cross-domain moves of nonempty query-based application groups is not allowed.
000021A2	ERROR_DS_ROLE_NOT_VERIFIED	The FSMO role ownership could not be verified because its directory partition did not replicate successfully with at least one replication partner.
000021A3	ERROR_DS_WKO_CONTAINER_CANNOT_BE_SPECIAL	The target container for a redirection of a well-known object container cannot already be a special container.
000021A4	ERROR_DS_DOMAIN_RENAME_IN_PROGRESS	The directory service cannot perform the requested operation because a domain rename operation is in progress.
000021A5	ERROR_DS_EXISTING_AD_CHILD_NC	The directory service detected a child partition below the requested partition name. The partition hierarchy must be created in a top down method.
000021A6	ERROR_DS_REPL_LIFETIME_EXCEEDED	The directory service cannot replicate with this server because the time since the last replication with this server has exceeded the tombstone lifetime.
000021A7	ERROR_DS_DISALLOWED_IN_SYSTEM_CONTAINER	The requested operation is not allowed on an object under the system container.
000021A8	ERROR_DS_LDAP_SEND_QUEUE_FULL	The LDAP server's network send queue has filled up because the client is not processing the results of its requests fast enough. No more requests will be processed until the client catches up. If the client does not catch up then it will be disconnected.
000021A9	ERROR_DS_DRA_OUT_SCHEDULE_WINDOW	The scheduled replication did not take place because the system was too busy to execute the request within the schedule window. The replication queue is overloaded. Consider reducing the number of partners or decreasing the scheduled replication frequency.
000021AA	ERROR_DS_POLICY_NOT_KNOWN	At this time, it cannot be determined if the branch replication policy is available on the hub domain controller. Retry at a later time to account for replication latencies.
000021AB	ERROR_NO_SITE_SETTINGS_OBJECT	The site settings object for the specified site does not exist.
000021AC	ERROR_NO_SECRETS	The local account store does not contain secret material for the specified account.
000021AD	ERROR_NO_WRITABLE_DC_FOUND	Could not find a writable domain controller in the domain.
000021AE	ERROR_DS_NO_SERVER_OBJECT	The server object for the domain controller does not exist.
000021AF	ERROR_DS_NO_NTDSA_OBJECT	The NTDS Settings object for the domain controller does not exist.
000021B0	ERROR_DS_NON_ASQ_SEARCH	The requested search operation is not supported for attribute scoped query (ASQ) searches.
000021B1	ERROR_DS_AUDIT_FAILURE	A required audit event could not be generated for the operation.
000021B2	ERROR_DS_INVALID_SEARCH_FLAG_SUBTREE	The search flags for the attribute are invalid. The subtree index bit is valid only on single-valued attributes.
000021B3	ERROR_DS_INVALID_SEARCH_FLAG_TUPLE	The search flags for the attribute are invalid. The tuple index bit is valid only on attributes of Unicode strings.
000021BF	ERROR_DS_DRA_RECYCLED_TARGET	The replication operation failed because the target object referenced by a link value is recycled.
000021C2	ERROR_DS_HIGH_DSA_VERSION	The functional level of the domain (or forest) cannot be lowered to the requested value.
000021C7	ERROR_DS_SPN_VALUE_NOT_UNIQUE_IN_FOREST	The operation failed because the SPN value provided for addition/modification is not unique forest-wide.
000021C8	ERROR_DS_UPN_VALUE_NOT_UNIQUE_IN_FOREST	The operation failed because the UPN value provided for addition/modification is not unique forest-wide.
00002329	DNS_ERROR_RCODE_FORMAT_ERROR	DNS server unable to interpret format.
0000232A	DNS_ERROR_RCODE_SERVER_FAILURE	DNS server failure.
0000232B	DNS_ERROR_RCODE_NAME_ERROR	DNS name does not exist.
0000232C	DNS_ERROR_RCODE_NOT_IMPLEMENTED	DNS request not supported by name server.
0000232D	DNS_ERROR_RCODE_REFUSED	DNS operation refused.
0000232E	DNS_ERROR_RCODE_YXDOMAIN	DNS name that should not exist, does exist.
0000232F	DNS_ERROR_RCODE_YXRRSET	DNS resource record (RR) set that should not exist, does exist.
00002330	DNS_ERROR_RCODE_NXRRSET	DNS RR set that should to exist, does not exist.
00002331	DNS_ERROR_RCODE_NOTAUTH	DNS server not authoritative for zone.
00002332	DNS_ERROR_RCODE_NOTZONE	DNS name in update or prereq is not in zone.
00002338	DNS_ERROR_RCODE_BADSIG	DNS signature failed to verify.
00002339	DNS_ERROR_RCODE_BADKEY	DNS bad key.
0000233A	DNS_ERROR_RCODE_BADTIME	DNS signature validity expired.
0000251D	DNS_INFO_NO_RECORDS	No records found for given DNS query.
0000251E	DNS_ERROR_BAD_PACKET	Bad DNS packet.
0000251F	DNS_ERROR_NO_PACKET	No DNS packet.
00002520	DNS_ERROR_RCODE	DNS error, check rcode.
00002521	DNS_ERROR_UNSECURE_PACKET	Unsecured DNS packet.
0000254F	DNS_ERROR_INVALID_TYPE	Invalid DNS type.
00002550	DNS_ERROR_INVALID_IP_ADDRESS	Invalid IP address.
00002551	DNS_ERROR_INVALID_PROPERTY	Invalid property.
00002552	DNS_ERROR_TRY_AGAIN_LATER	Try DNS operation again later.
00002553	DNS_ERROR_NOT_UNIQUE	Record for given name and type is not unique.
00002554	DNS_ERROR_NON_RFC_NAME	DNS name does not comply with RFC specifications.
00002555	DNS_STATUS_FQDN	DNS name is a fully qualified DNS name.
00002556	DNS_STATUS_DOTTED_NAME	DNS name is dotted (multilabel).
00002557	DNS_STATUS_SINGLE_PART_NAME	DNS name is a single-part name.
00002558	DNS_ERROR_INVALID_NAME_CHAR	DNS name contains an invalid character.
00002559	DNS_ERROR_NUMERIC_NAME	DNS name is entirely numeric.
0000255A	DNS_ERROR_NOT_ALLOWED_ON_ROOT_SERVER	The operation requested is not permitted on a DNS root server.
0000255B	DNS_ERROR_NOT_ALLOWED_UNDER_DELEGATION	The record could not be created because this part of the DNS namespace has been delegated to another server.
0000255C	DNS_ERROR_CANNOT_FIND_ROOT_HINTS	The DNS server could not find a set of root hints.
0000255D	DNS_ERROR_INCONSISTENT_ROOT_HINTS	The DNS server found root hints but they were not consistent across all adapters.
0000255E	DNS_ERROR_DWORD_VALUE_TOO_SMALL	The specified value is too small for this parameter.
0000255F	DNS_ERROR_DWORD_VALUE_TOO_LARGE	The specified value is too large for this parameter.
00002560	DNS_ERROR_BACKGROUND_LOADING	This operation is not allowed while the DNS server is loading zones in the background. Try again later.
00002561	DNS_ERROR_NOT_ALLOWED_ON_RODC	The operation requested is not permitted on against a DNS server running on a read-only DC.
00002581	DNS_ERROR_ZONE_DOES_NOT_EXIST	DNS zone does not exist.
00002582	DNS_ERROR_NO_ZONE_INFO	DNS zone information not available.
00002583	DNS_ERROR_INVALID_ZONE_OPERATION	Invalid operation for DNS zone.
00002584	DNS_ERROR_ZONE_CONFIGURATION_ERROR	Invalid DNS zone configuration.
00002585	DNS_ERROR_ZONE_HAS_NO_SOA_RECORD	DNS zone has no start of authority (SOA) record.
00002586	DNS_ERROR_ZONE_HAS_NO_NS_RECORDS	DNS zone has no Name Server (NS) record.
00002587	DNS_ERROR_ZONE_LOCKED	DNS zone is locked.
00002588	DNS_ERROR_ZONE_CREATION_FAILED	DNS zone creation failed.
00002589	DNS_ERROR_ZONE_ALREADY_EXISTS	DNS zone already exists.
0000258A	DNS_ERROR_AUTOZONE_ALREADY_EXISTS	DNS automatic zone already exists.
0000258B	DNS_ERROR_INVALID_ZONE_TYPE	Invalid DNS zone type.
0000258C	DNS_ERROR_SECONDARY_REQUIRES_MASTER_IP	Secondary DNS zone requires master IP address.
0000258D	DNS_ERROR_ZONE_NOT_SECONDARY	DNS zone not secondary.
0000258E	DNS_ERROR_NEED_SECONDARY_ADDRESSES	Need secondary IP address.
0000258F	DNS_ERROR_WINS_INIT_FAILED	WINS initialization failed.
00002590	DNS_ERROR_NEED_WINS_SERVERS	Need WINS servers.
00002591	DNS_ERROR_NBSTAT_INIT_FAILED	NBTSTAT initialization call failed.
00002592	DNS_ERROR_SOA_DELETE_INVALID	Invalid delete of SOA.
00002593	DNS_ERROR_FORWARDER_ALREADY_EXISTS	A conditional forwarding zone already exists for that name.
00002594	DNS_ERROR_ZONE_REQUIRES_MASTER_IP	This zone must be configured with one or more master DNS server IP addresses.
00002595	DNS_ERROR_ZONE_IS_SHUTDOWN	The operation cannot be performed because this zone is shut down.
000025B3	DNS_ERROR_PRIMARY_REQUIRES_DATAFILE	The primary DNS zone requires a data file.
000025B4	DNS_ERROR_INVALID_DATAFILE_NAME	Invalid data file name for the DNS zone.
000025B5	DNS_ERROR_DATAFILE_OPEN_FAILURE	Failed to open the data file for the DNS zone.
000025B6	DNS_ERROR_FILE_WRITEBACK_FAILED	Failed to write the data file for the DNS zone.
000025B7	DNS_ERROR_DATAFILE_PARSING	Failure while reading datafile for DNS zone.
000025E5	DNS_ERROR_RECORD_DOES_NOT_EXIST	DNS record does not exist.
000025E6	DNS_ERROR_RECORD_FORMAT	DNS record format error.
000025E7	DNS_ERROR_NODE_CREATION_FAILED	Node creation failure in DNS.
000025E8	DNS_ERROR_UNKNOWN_RECORD_TYPE	Unknown DNS record type.
000025E9	DNS_ERROR_RECORD_TIMED_OUT	DNS record timed out.
000025EA	DNS_ERROR_NAME_NOT_IN_ZONE	Name not in DNS zone.
000025EB	DNS_ERROR_CNAME_LOOP	CNAME loop detected.
000025EC	DNS_ERROR_NODE_IS_CNAME	Node is a CNAME DNS record.
000025ED	DNS_ERROR_CNAME_COLLISION	A CNAME record already exists for the given name.
000025EE	DNS_ERROR_RECORD_ONLY_AT_ZONE_ROOT	Record is only at DNS zone root.
000025EF	DNS_ERROR_RECORD_ALREADY_EXISTS	DNS record already exists.
000025F0	DNS_ERROR_SECONDARY_DATA	Secondary DNS zone data error.
000025F1	DNS_ERROR_NO_CREATE_CACHE_DATA	Could not create DNS cache data.
000025F2	DNS_ERROR_NAME_DOES_NOT_EXIST	DNS name does not exist.
000025F3	DNS_WARNING_PTR_CREATE_FAILED	Could not create pointer (PTR) record.
000025F4	DNS_WARNING_DOMAIN_UNDELETED	DNS domain was undeleted.
000025F5	DNS_ERROR_DS_UNAVAILABLE	The directory service is unavailable.
000025F6	DNS_ERROR_DS_ZONE_ALREADY_EXISTS	DNS zone already exists in the directory service.
000025F7	DNS_ERROR_NO_BOOTFILE_IF_DS_ZONE	DNS server not creating or reading the boot file for the directory service integrated DNS zone.
00002617	DNS_INFO_AXFR_COMPLETE	DNS AXFR (zone transfer) complete.
00002618	DNS_ERROR_AXFR	DNS zone transfer failed.
00002619	DNS_INFO_ADDED_LOCAL_WINS	Added local WINS server.
00002649	DNS_STATUS_CONTINUE_NEEDED	Secure update call needs to continue update request.
0000267B	DNS_ERROR_NO_TCPIP	TCP/IP network protocol not installed.
0000267C	DNS_ERROR_NO_DNS_SERVERS	No DNS servers configured for local system.
000026AD	DNS_ERROR_DP_DOES_NOT_EXIST	The specified directory partition does not exist.
000026AE	DNS_ERROR_DP_ALREADY_EXISTS	The specified directory partition already exists.
000026AF	DNS_ERROR_DP_NOT_ENLISTED	This DNS server is not enlisted in the specified directory partition.
000026B0	DNS_ERROR_DP_ALREADY_ENLISTED	This DNS server is already enlisted in the specified directory partition.
000026B1	DNS_ERROR_DP_NOT_AVAILABLE	The directory partition is not available at this time. Wait a few minutes and try again.
000026B2	DNS_ERROR_DP_FSMO_ERROR	The application directory partition operation failed. The domain controller holding the domain naming master role is down or unable to service the request or is not running Windows Server 2003.
00002714	WSAEINTR	A blocking operation was interrupted by a call to WSACancelBlockingCall.
00002719	WSAEBADF	The file handle supplied is not valid.
0000271D	WSAEACCES	An attempt was made to access a socket in a way forbidden by its access permissions.
0000271E	WSAEFAULT	The system detected an invalid pointer address in attempting to use a pointer argument in a call.
00002726	WSAEINVAL	An invalid argument was supplied.
00002728	WSAEMFILE	Too many open sockets.
00002733	WSAEWOULDBLOCK	A nonblocking socket operation could not be completed immediately.
00002734	WSAEINPROGRESS	A blocking operation is currently executing.
00002735	WSAEALREADY	An operation was attempted on a nonblocking socket that already had an operation in progress.
00002736	WSAENOTSOCK	An operation was attempted on something that is not a socket.
00002737	WSAEDESTADDRREQ	A required address was omitted from an operation on a socket.
00002738	WSAEMSGSIZE	A message sent on a datagram socket was larger than the internal message buffer or some other network limit, or the buffer used to receive a datagram into was smaller than the datagram itself.
00002739	WSAEPROTOTYPE	A protocol was specified in the socket function call that does not support the semantics of the socket type requested.
0000273A	WSAENOPROTOOPT	An unknown, invalid, or unsupported option or level was specified in a getsockopt or setsockopt call.
0000273B	WSAEPROTONOSUPPORT	The requested protocol has not been configured into the system, or no implementation for it exists.
0000273C	WSAESOCKTNOSUPPORT	The support for the specified socket type does not exist in this address family.
0000273D	WSAEOPNOTSUPP	The attempted operation is not supported for the type of object referenced.
0000273E	WSAEPFNOSUPPORT	The protocol family has not been configured into the system or no implementation for it exists.
0000273F	WSAEAFNOSUPPORT	An address incompatible with the requested protocol was used.
00002740	WSAEADDRINUSE	Only one usage of each socket address (protocol/network address/port) is normally permitted.
00002741	WSAEADDRNOTAVAIL	The requested address is not valid in its context.
00002742	WSAENETDOWN	A socket operation encountered a dead network.
00002743	WSAENETUNREACH	A socket operation was attempted to an unreachable network.
00002744	WSAENETRESET	The connection has been broken due to keep-alive activity detecting a failure while the operation was in progress.
00002745	WSAECONNABORTED	An established connection was aborted by the software in your host machine.
00002746	WSAECONNRESET	An existing connection was forcibly closed by the remote host.
00002747	WSAENOBUFS	An operation on a socket could not be performed because the system lacked sufficient buffer space or because a queue was full.
00002748	WSAEISCONN	A connect request was made on an already connected socket.
00002749	WSAENOTCONN	A request to send or receive data was disallowed because the socket is not connected and (when sending on a datagram socket using a sendto call) no address was supplied.
0000274A	WSAESHUTDOWN	A request to send or receive data was disallowed because the socket had already been shut down in that direction with a previous shutdown call.
0000274B	WSAETOOMANYREFS	Too many references to a kernel object.
0000274C	WSAETIMEDOUT	A connection attempt failed because the connected party did not properly respond after a period of time, or the established connection failed because the connected host failed to respond.
0000274D	WSAECONNREFUSED	No connection could be made because the target machine actively refused it.
0000274E	WSAELOOP	Cannot translate name.
0000274F	WSAENAMETOOLONG	Name or name component was too long.
00002750	WSAEHOSTDOWN	A socket operation failed because the destination host was down.
00002751	WSAEHOSTUNREACH	A socket operation was attempted to an unreachable host.
00002752	WSAENOTEMPTY	Cannot remove a directory that is not empty.
00002753	WSAEPROCLIM	A Windows Sockets implementation might have a limit on the number of applications that can use it simultaneously.
00002754	WSAEUSERS	Ran out of quota.
00002755	WSAEDQUOT	Ran out of disk quota.
00002756	WSAESTALE	File handle reference is no longer available.
00002757	WSAEREMOTE	Item is not available locally.
0000276B	WSASYSNOTREADY	WSAStartup cannot function at this time because the underlying system it uses to provide network services is currently unavailable.
0000276C	WSAVERNOTSUPPORTED	The Windows Sockets version requested is not supported.
0000276D	WSANOTINITIALISED	Either the application has not called WSAStartup, or WSAStartup failed.
00002775	WSAEDISCON	Returned by WSARecv or WSARecvFrom to indicate that the remote party has initiated a graceful shutdown sequence.
00002776	WSAENOMORE	No more results can be returned by WSALookupServiceNext.
00002777	WSAECANCELLED	A call to WSALookupServiceEnd was made while this call was still processing. The call has been canceled.
00002778	WSAEINVALIDPROCTABLE	The procedure call table is invalid.
00002779	WSAEINVALIDPROVIDER	The requested service provider is invalid.
0000277A	WSAEPROVIDERFAILEDINIT	The requested service provider could not be loaded or initialized.
0000277B	WSASYSCALLFAILURE	A system call that should never fail has failed.
0000277C	WSASERVICE_NOT_FOUND	No such service is known. The service cannot be found in the specified namespace.
0000277D	WSATYPE_NOT_FOUND	The specified class was not found.
0000277E	WSA_E_NO_MORE	No more results can be returned by WSALookupServiceNext.
0000277F	WSA_E_CANCELLED	A call to WSALookupServiceEnd was made while this call was still processing. The call has been canceled.
00002780	WSAEREFUSED	A database query failed because it was actively refused.
00002AF9	WSAHOST_NOT_FOUND	No such host is known.
00002AFA	WSATRY_AGAIN	This is usually a temporary error during host name resolution and means that the local server did not receive a response from an authoritative server.
00002AFB	WSANO_RECOVERY	A nonrecoverable error occurred during a database lookup.
00002AFC	WSANO_DATA	The requested name is valid, but no data of the requested type was found.
00002AFD	WSA_QOS_RECEIVERS	At least one reserve has arrived.
00002AFE	WSA_QOS_SENDERS	At least one path has arrived.
00002AFF	WSA_QOS_NO_SENDERS	There are no senders.
00002B00	WSA_QOS_NO_RECEIVERS	There are no receivers.
00002B01	WSA_QOS_REQUEST_CONFIRMED	Reserve has been confirmed.
00002B02	WSA_QOS_ADMISSION_FAILURE	Error due to lack of resources.
00002B03	WSA_QOS_POLICY_FAILURE	Rejected for administrative reasons—bad credentials.
00002B04	WSA_QOS_BAD_STYLE	Unknown or conflicting style.
00002B05	WSA_QOS_BAD_OBJECT	There is a problem with some part of the filterspec or provider-specific buffer in general.
00002B06	WSA_QOS_TRAFFIC_CTRL_ERROR	There is a problem with some part of the flowspec.
00002B07	WSA_QOS_GENERIC_ERROR	General quality of serve (QOS) error.
00002B08	WSA_QOS_ESERVICETYPE	An invalid or unrecognized service type was found in the flowspec.
00002B09	WSA_QOS_EFLOWSPEC	An invalid or inconsistent flowspec was found in the QOS structure.
00002B0A	WSA_QOS_EPROVSPECBUF	Invalid QOS provider-specific buffer.
00002B0B	WSA_QOS_EFILTERSTYLE	An invalid QOS filter style was used.
00002B0C	WSA_QOS_EFILTERTYPE	An invalid QOS filter type was used.
00002B0D	WSA_QOS_EFILTERCOUNT	An incorrect number of QOS FILTERSPECs were specified in the FLOWDESCRIPTOR.
00002B0E	WSA_QOS_EOBJLENGTH	An object with an invalid ObjectLength field was specified in the QOS provider-specific buffer.
00002B0F	WSA_QOS_EFLOWCOUNT	An incorrect number of flow descriptors was specified in the QOS structure.
00002B10	WSA_QOS_EUNKOWNPSOBJ	An unrecognized object was found in the QOS provider-specific buffer.
00002B11	WSA_QOS_EPOLICYOBJ	An invalid policy object was found in the QOS provider-specific buffer.
00002B12	WSA_QOS_EFLOWDESC	An invalid QOS flow descriptor was found in the flow descriptor list.
00002B13	WSA_QOS_EPSFLOWSPEC	An invalid or inconsistent flowspec was found in the QOS provider-specific buffer.
00002B14	WSA_QOS_EPSFILTERSPEC	An invalid FILTERSPEC was found in the QOS provider-specific buffer.
00002B15	WSA_QOS_ESDMODEOBJ	An invalid shape discard mode object was found in the QOS provider-specific buffer.
00002B16	WSA_QOS_ESHAPERATEOBJ	An invalid shaping rate object was found in the QOS provider-specific buffer.
00002B17	WSA_QOS_RESERVED_PETYPE	A reserved policy element was found in the QOS provider-specific buffer.
000032C8	ERROR_IPSEC_QM_POLICY_EXISTS	The specified quick mode policy already exists.
000032C9	ERROR_IPSEC_QM_POLICY_NOT_FOUND	The specified quick mode policy was not found.
000032CA	ERROR_IPSEC_QM_POLICY_IN_USE	The specified quick mode policy is being used.
000032CB	ERROR_IPSEC_MM_POLICY_EXISTS	The specified main mode policy already exists.
000032CC	ERROR_IPSEC_MM_POLICY_NOT_FOUND	The specified main mode policy was not found.
000032CD	ERROR_IPSEC_MM_POLICY_IN_USE	The specified main mode policy is being used.
000032CE	ERROR_IPSEC_MM_FILTER_EXISTS	The specified main mode filter already exists.
000032CF	ERROR_IPSEC_MM_FILTER_NOT_FOUND	The specified main mode filter was not found.
000032D0	ERROR_IPSEC_TRANSPORT_FILTER_EXISTS	The specified transport mode filter already exists.
000032D1	ERROR_IPSEC_TRANSPORT_FILTER_NOT_FOUND	The specified transport mode filter does not exist.
000032D2	ERROR_IPSEC_MM_AUTH_EXISTS	The specified main mode authentication list exists.
000032D3	ERROR_IPSEC_MM_AUTH_NOT_FOUND	The specified main mode authentication list was not found.
000032D4	ERROR_IPSEC_MM_AUTH_IN_USE	The specified main mode authentication list is being used.
000032D5	ERROR_IPSEC_DEFAULT_MM_POLICY_NOT_FOUND	The specified default main mode policy was not found.
000032D6	ERROR_IPSEC_DEFAULT_MM_AUTH_NOT_FOUND	The specified default main mode authentication list was not found.
000032D7	ERROR_IPSEC_DEFAULT_QM_POLICY_NOT_FOUND	The specified default quick mode policy was not found.
000032D8	ERROR_IPSEC_TUNNEL_FILTER_EXISTS	The specified tunnel mode filter exists.
000032D9	ERROR_IPSEC_TUNNEL_FILTER_NOT_FOUND	The specified tunnel mode filter was not found.
000032DA	ERROR_IPSEC_MM_FILTER_PENDING_DELETION	The main mode filter is pending deletion.
000032DB	ERROR_IPSEC_TRANSPORT_FILTER_ENDING_DELETION	The transport filter is pending deletion.
000032DC	ERROR_IPSEC_TUNNEL_FILTER_PENDING_DELETION	The tunnel filter is pending deletion.
000032DD	ERROR_IPSEC_MM_POLICY_PENDING_ELETION	The main mode policy is pending deletion.
000032DE	ERROR_IPSEC_MM_AUTH_PENDING_DELETION	The main mode authentication bundle is pending deletion.
000032DF	ERROR_IPSEC_QM_POLICY_PENDING_DELETION	The quick mode policy is pending deletion.
000032E0	WARNING_IPSEC_MM_POLICY_PRUNED	The main mode policy was successfully added, but some of the requested offers are not supported.
000032E1	WARNING_IPSEC_QM_POLICY_PRUNED	The quick mode policy was successfully added, but some of the requested offers are not supported.
000035E8	ERROR_IPSEC_IKE_NEG_STATUS_BEGIN	Starts the list of frequencies of various IKE Win32 error codes encountered during negotiations.
000035E9	ERROR_IPSEC_IKE_AUTH_FAIL	The IKE authentication credentials are unacceptable.
000035EA	ERROR_IPSEC_IKE_ATTRIB_FAIL	The IKE security attributes are unacceptable.
000035EB	ERROR_IPSEC_IKE_NEGOTIATION_PENDING	The IKE negotiation is in progress.
000035EC	ERROR_IPSEC_IKE_GENERAL_PROCESSING_ERROR	General processing error.
000035ED	ERROR_IPSEC_IKE_TIMED_OUT	Negotiation timed out.
000035EE	ERROR_IPSEC_IKE_NO_CERT	The IKE failed to find a valid machine certificate. Contact your network security administrator about installing a valid certificate in the appropriate certificate store.
000035EF	ERROR_IPSEC_IKE_SA_DELETED	The IKE security association (SA) was deleted by a peer before it was completely established.
000035F0	ERROR_IPSEC_IKE_SA_REAPED	The IKE SA was deleted before it was completely established.
000035F1	ERROR_IPSEC_IKE_MM_ACQUIRE_DROP	The negotiation request sat in the queue too long.
000035F2	ERROR_IPSEC_IKE_QM_ACQUIRE_DROP	The negotiation request sat in the queue too long.
000035F3	ERROR_IPSEC_IKE_QUEUE_DROP_MM	The negotiation request sat in the queue too long.
000035F4	ERROR_IPSEC_IKE_QUEUE_DROP_NO_MM	The negotiation request sat in the queue too long.
000035F5	ERROR_IPSEC_IKE_DROP_NO_RESPONSE	There was no response from a peer.
000035F6	ERROR_IPSEC_IKE_MM_DELAY_DROP	The negotiation took too long.
000035F7	ERROR_IPSEC_IKE_QM_DELAY_DROP	The negotiation took too long.
000035F8	ERROR_IPSEC_IKE_ERROR	An unknown error occurred.
000035F9	ERROR_IPSEC_IKE_CRL_FAILED	The certificate revocation check failed.
000035FA	ERROR_IPSEC_IKE_INVALID_KEY_USAGE	Invalid certificate key usage.
000035FB	ERROR_IPSEC_IKE_INVALID_CERT_TYPE	Invalid certificate type.
000035FC	ERROR_IPSEC_IKE_NO_PRIVATE_KEY	The IKE negotiation failed because the machine certificate used does not have a private key. IPsec certificates require a private key. Contact your network security administrator about a certificate that has a private key.
000035FE	ERROR_IPSEC_IKE_DH_FAIL	There was a failure in the Diffie-Hellman computation.
00003600	ERROR_IPSEC_IKE_INVALID_HEADER	Invalid header.
00003601	ERROR_IPSEC_IKE_NO_POLICY	No policy configured.
00003602	ERROR_IPSEC_IKE_INVALID_SIGNATURE	Failed to verify signature.
00003603	ERROR_IPSEC_IKE_KERBEROS_ERROR	Failed to authenticate using Kerberos.
00003604	ERROR_IPSEC_IKE_NO_PUBLIC_KEY	The peer's certificate did not have a public key.
00003605	ERROR_IPSEC_IKE_PROCESS_ERR	Error processing the error payload.
00003606	ERROR_IPSEC_IKE_PROCESS_ERR_SA	Error processing the SA payload.
00003607	ERROR_IPSEC_IKE_PROCESS_ERR_PROP	Error processing the proposal payload.
00003608	ERROR_IPSEC_IKE_PROCESS_ERR_TRANS	Error processing the transform payload.
00003609	ERROR_IPSEC_IKE_PROCESS_ERR_KE	Error processing the key exchange payload.
0000360A	ERROR_IPSEC_IKE_PROCESS_ERR_ID	Error processing the ID payload.
0000360B	ERROR_IPSEC_IKE_PROCESS_ERR_CERT	Error processing the certification payload.
0000360C	ERROR_IPSEC_IKE_PROCESS_ERR_CERT_REQ	Error processing the certificate request payload.
0000360D	ERROR_IPSEC_IKE_PROCESS_ERR_HASH	Error processing the hash payload.
0000360E	ERROR_IPSEC_IKE_PROCESS_ERR_SIG	Error processing the signature payload.
0000360F	ERROR_IPSEC_IKE_PROCESS_ERR_NONCE	Error processing the nonce payload.
00003610	ERROR_IPSEC_IKE_PROCESS_ERR_NOTIFY	Error processing the notify payload.
00003611	ERROR_IPSEC_IKE_PROCESS_ERR_DELETE	Error processing the delete payload.
00003612	ERROR_IPSEC_IKE_PROCESS_ERR_VENDOR	Error processing the VendorId payload.
00003613	ERROR_IPSEC_IKE_INVALID_PAYLOAD	Invalid payload received.
00003614	ERROR_IPSEC_IKE_LOAD_SOFT_SA	Soft SA loaded.
00003615	ERROR_IPSEC_IKE_SOFT_SA_TORN_DOWN	Soft SA torn down.
00003616	ERROR_IPSEC_IKE_INVALID_COOKIE	Invalid cookie received.
00003617	ERROR_IPSEC_IKE_NO_PEER_CERT	Peer failed to send valid machine certificate.
00003618	ERROR_IPSEC_IKE_PEER_CRL_FAILED	Certification revocation check of peer's certificate failed.
00003619	ERROR_IPSEC_IKE_POLICY_CHANGE	New policy invalidated SAs formed with the old policy.
0000361A	ERROR_IPSEC_IKE_NO_MM_POLICY	There is no available main mode IKE policy.
0000361B	ERROR_IPSEC_IKE_NOTCBPRIV	Failed to enabled trusted computer base (TCB) privilege.
0000361C	ERROR_IPSEC_IKE_SECLOADFAIL	Failed to load SECURITY.DLL.
0000361D	ERROR_IPSEC_IKE_FAILSSPINIT	Failed to obtain the security function table dispatch address from the SSPI.
0000361E	ERROR_IPSEC_IKE_FAILQUERYSSP	Failed to query the Kerberos package to obtain the max token size.
0000361F	ERROR_IPSEC_IKE_SRVACQFAIL	Failed to obtain the Kerberos server credentials for the Internet Security Association and Key Management Protocol (ISAKMP)/ERROR_IPSEC_IKE service. Kerberos authentication will not function. The most likely reason for this is lack of domain membership. This is normal if your computer is a member of a workgroup.
00003620	ERROR_IPSEC_IKE_SRVQUERYCRED	Failed to determine the SSPI principal name for ISAKMP/ERROR_IPSEC_IKE service (QueryCredentialsAttributes).
00003621	ERROR_IPSEC_IKE_GETSPIFAIL	Failed to obtain a new service provider interface (SPI) for the inbound SA from the IPsec driver. The most common cause for this is that the driver does not have the correct filter. Check your policy to verify the filters.
00003622	ERROR_IPSEC_IKE_INVALID_FILTER	Given filter is invalid.
00003623	ERROR_IPSEC_IKE_OUT_OF_MEMORY	Memory allocation failed.
00003624	ERROR_IPSEC_IKE_ADD_UPDATE_KEY_FAILED	Failed to add an SA to the IPSec driver. The most common cause for this is if the IKE negotiation took too long to complete. If the problem persists, reduce the load on the faulting machine.
00003625	ERROR_IPSEC_IKE_INVALID_POLICY	Invalid policy.
00003626	ERROR_IPSEC_IKE_UNKNOWN_DOI	Invalid digital object identifier (DOI).
00003627	ERROR_IPSEC_IKE_INVALID_SITUATION	Invalid situation.
00003628	ERROR_IPSEC_IKE_DH_FAILURE	Diffie-Hellman failure.
00003629	ERROR_IPSEC_IKE_INVALID_GROUP	Invalid Diffie-Hellman group.
0000362A	ERROR_IPSEC_IKE_ENCRYPT	Error encrypting payload.
0000362B	ERROR_IPSEC_IKE_DECRYPT	Error decrypting payload.
0000362C	ERROR_IPSEC_IKE_POLICY_MATCH	Policy match error.
0000362D	ERROR_IPSEC_IKE_UNSUPPORTED_ID	Unsupported ID.
0000362E	ERROR_IPSEC_IKE_INVALID_HASH	Hash verification failed.
0000362F	ERROR_IPSEC_IKE_INVALID_HASH_ALG	Invalid hash algorithm.
00003630	ERROR_IPSEC_IKE_INVALID_HASH_SIZE	Invalid hash size.
00003631	ERROR_IPSEC_IKE_INVALID_ENCRYPT_ALG	Invalid encryption algorithm.
00003632	ERROR_IPSEC_IKE_INVALID_AUTH_ALG	Invalid authentication algorithm.
00003633	ERROR_IPSEC_IKE_INVALID_SIG	Invalid certificate signature.
00003634	ERROR_IPSEC_IKE_LOAD_FAILED	Load failed.
00003635	ERROR_IPSEC_IKE_RPC_DELETE	Deleted by using an RPC call.
00003636	ERROR_IPSEC_IKE_BENIGN_REINIT	A temporary state was created to perform reinitialization. This is not a real failure.
00003637	ERROR_IPSEC_IKE_INVALID_RESPONDER_LIFETIME_NOTIFY	The lifetime value received in the Responder Lifetime Notify is below the Windows 2000 configured minimum value. Fix the policy on the peer machine.
00003639	ERROR_IPSEC_IKE_INVALID_CERT_KEYLEN	Key length in the certificate is too small for configured security requirements.
0000363A	ERROR_IPSEC_IKE_MM_LIMIT	Maximum number of established MM SAs to peer exceeded.
0000363B	ERROR_IPSEC_IKE_NEGOTIATION_DISABLED	The IKE received a policy that disables negotiation.
0000363C	ERROR_IPSEC_IKE_QM_LIMIT	Reached maximum quick mode limit for the main mode. New main mode will be started.
0000363D	ERROR_IPSEC_IKE_MM_EXPIRED	Main mode SA lifetime expired or the peer sent a main mode delete.
0000363E	ERROR_IPSEC_IKE_PEER_MM_ASSUMED_INVALID	Main mode SA assumed to be invalid because peer stopped responding.
0000363F	ERROR_IPSEC_IKE_CERT_CHAIN_POLICY_MISMATCH	Certificate does not chain to a trusted root in IPsec policy.
00003640	ERROR_IPSEC_IKE_UNEXPECTED_MESSAGE_ID	Received unexpected message ID.
00003641	ERROR_IPSEC_IKE_INVALID_UMATTS	Received invalid AuthIP user mode attributes.
00003642	ERROR_IPSEC_IKE_DOS_COOKIE_SENT	Sent DOS cookie notify to initiator.
00003643	ERROR_IPSEC_IKE_SHUTTING_DOWN	The IKE service is shutting down.
00003644	ERROR_IPSEC_IKE_CGA_AUTH_FAILED	Could not verify the binding between the color graphics adapter (CGA) address and the certificate.
00003645	ERROR_IPSEC_IKE_PROCESS_ERR_NATOA	Error processing the NatOA payload.
00003646	ERROR_IPSEC_IKE_INVALID_MM_FOR_QM	The parameters of the main mode are invalid for this quick mode.
00003647	ERROR_IPSEC_IKE_QM_EXPIRED	The quick mode SA was expired by the IPsec driver.
00003648	ERROR_IPSEC_IKE_TOO_MANY_FILTERS	Too many dynamically added IKEEXT filters were detected.
00003649	ERROR_IPSEC_IKE_NEG_STATUS_END	Ends the list of frequencies of various IKE Win32 error codes encountered during negotiations.
000036B0	ERROR_SXS_SECTION_NOT_FOUND	The requested section was not present in the activation context.
000036B1	ERROR_SXS_CANT_GEN_ACTCTX	The application has failed to start because its side-by-side configuration is incorrect. See the application event log for more detail.
000036B2	ERROR_SXS_INVALID_ACTCTXDATA_FORMAT	The application binding data format is invalid.
000036B3	ERROR_SXS_ASSEMBLY_NOT_FOUND	The referenced assembly is not installed on your system.
000036B4	ERROR_SXS_MANIFEST_FORMAT_ERROR	The manifest file does not begin with the required tag and format information.
000036B5	ERROR_SXS_MANIFEST_PARSE_ERROR	The manifest file contains one or more syntax errors.
000036B6	ERROR_SXS_ACTIVATION_CONTEXT_DISABLED	The application attempted to activate a disabled activation context.
000036B7	ERROR_SXS_KEY_NOT_FOUND	The requested lookup key was not found in any active activation context.
000036B8	ERROR_SXS_VERSION_CONFLICT	A component version required by the application conflicts with another active component version.
000036B9	ERROR_SXS_WRONG_SECTION_TYPE	The type requested activation context section does not match the query API used.
000036BA	ERROR_SXS_THREAD_QUERIES_DISABLED	Lack of system resources has required isolated activation to be disabled for the current thread of execution.
000036BB	ERROR_SXS_PROCESS_DEFAULT_ALREADY_SET	An attempt to set the process default activation context failed because the process default activation context was already set.
000036BC	ERROR_SXS_UNKNOWN_ENCODING_GROUP	The encoding group identifier specified is not recognized.
000036BD	ERROR_SXS_UNKNOWN_ENCODING	The encoding requested is not recognized.
000036BE	ERROR_SXS_INVALID_XML_NAMESPACE_URI	The manifest contains a reference to an invalid URI.
000036BF	ERROR_SXS_ROOT_MANIFEST_DEPENDENCY_OT_INSTALLED	The application manifest contains a reference to a dependent assembly that is not installed.
000036C0	ERROR_SXS_LEAF_MANIFEST_DEPENDENCY_NOT_INSTALLED	The manifest for an assembly used by the application has a reference to a dependent assembly that is not installed.
000036C1	ERROR_SXS_INVALID_ASSEMBLY_IDENTITY_ATTRIBUTE	The manifest contains an attribute for the assembly identity that is not valid.
000036C2	ERROR_SXS_MANIFEST_MISSING_REQUIRED_DEFAULT_NAMESPACE	The manifest is missing the required default namespace specification on the assembly element.
000036C3	ERROR_SXS_MANIFEST_INVALID_REQUIRED_DEFAULT_NAMESPACE	The manifest has a default namespace specified on the assembly element but its value is not urn:schemas-microsoft-com:asm.v1"."
000036C4	ERROR_SXS_PRIVATE_MANIFEST_CROSS_PATH_WITH_REPARSE_POINT	The private manifest probed has crossed the reparse-point-associated path.
000036C5	ERROR_SXS_DUPLICATE_DLL_NAME	Two or more components referenced directly or indirectly by the application manifest have files by the same name.
000036C6	ERROR_SXS_DUPLICATE_WINDOWCLASS_NAME	Two or more components referenced directly or indirectly by the application manifest have window classes with the same name.
000036C7	ERROR_SXS_DUPLICATE_CLSID	Two or more components referenced directly or indirectly by the application manifest have the same COM server CLSIDs.
000036C8	ERROR_SXS_DUPLICATE_IID	Two or more components referenced directly or indirectly by the application manifest have proxies for the same COM interface IIDs.
000036C9	ERROR_SXS_DUPLICATE_TLBID	Two or more components referenced directly or indirectly by the application manifest have the same COM type library TLBIDs.
000036CA	ERROR_SXS_DUPLICATE_PROGID	Two or more components referenced directly or indirectly by the application manifest have the same COM ProgIDs.
000036CB	ERROR_SXS_DUPLICATE_ASSEMBLY_NAME	Two or more components referenced directly or indirectly by the application manifest are different versions of the same component, which is not permitted.
000036CC	ERROR_SXS_FILE_HASH_MISMATCH	A component's file does not match the verification information present in the component manifest.
000036CD	ERROR_SXS_POLICY_PARSE_ERROR	The policy manifest contains one or more syntax errors.
000036CE	ERROR_SXS_XML_E_MISSINGQUOTE	Manifest Parse Error: A string literal was expected, but no opening quotation mark was found.
000036CF	ERROR_SXS_XML_E_COMMENTSYNTAX	Manifest Parse Error: Incorrect syntax was used in a comment.
000036D0	ERROR_SXS_XML_E_BADSTARTNAMECHAR	Manifest Parse Error: A name started with an invalid character.
000036D1	ERROR_SXS_XML_E_BADNAMECHAR	Manifest Parse Error: A name contained an invalid character.
000036D2	ERROR_SXS_XML_E_BADCHARINSTRING	Manifest Parse Error: A string literal contained an invalid character.
000036D3	ERROR_SXS_XML_E_XMLDECLSYNTAX	Manifest Parse Error: Invalid syntax for an XML declaration.
000036D4	ERROR_SXS_XML_E_BADCHARDATA	Manifest Parse Error: An Invalid character was found in text content.
000036D5	ERROR_SXS_XML_E_MISSINGWHITESPACE	Manifest Parse Error: Required white space was missing.
000036D6	ERROR_SXS_XML_E_EXPECTINGTAGEND	Manifest Parse Error: The angle bracket (>) character was expected.
000036D7	ERROR_SXS_XML_E_MISSINGSEMICOLON	Manifest Parse Error: A semicolon (;) was expected.
000036D8	ERROR_SXS_XML_E_UNBALANCEDPAREN	Manifest Parse Error: Unbalanced parentheses.
000036D9	ERROR_SXS_XML_E_INTERNALERROR	Manifest Parse Error: Internal error.
000036DA	ERROR_SXS_XML_E_UNEXPECTED_WHITESPACE	Manifest Parse Error: Whitespace is not allowed at this location.
000036DB	ERROR_SXS_XML_E_INCOMPLETE_ENCODING	Manifest Parse Error: End of file reached in invalid state for current encoding.
000036DC	ERROR_SXS_XML_E_MISSING_PAREN	Manifest Parse Error: Missing parenthesis.
000036DD	ERROR_SXS_XML_E_EXPECTINGCLOSEQUOTE	Manifest Parse Error: A single (') or double (") quotation mark is missing.
000036DE	ERROR_SXS_XML_E_MULTIPLE_COLONS	Manifest Parse Error: Multiple colons are not allowed in a name.
000036DF	ERROR_SXS_XML_E_INVALID_DECIMAL	Manifest Parse Error: Invalid character for decimal digit.
000036E0	ERROR_SXS_XML_E_INVALID_HEXIDECIMAL	Manifest Parse Error: Invalid character for hexadecimal digit.
000036E1	ERROR_SXS_XML_E_INVALID_UNICODE	Manifest Parse Error: Invalid Unicode character value for this platform.
000036E2	ERROR_SXS_XML_E_WHITESPACEORQUESTIONMARK	Manifest Parse Error: Expecting whitespace or question mark (?).
000036E3	ERROR_SXS_XML_E_UNEXPECTEDENDTAG	Manifest Parse Error: End tag was not expected at this location.
000036E4	ERROR_SXS_XML_E_UNCLOSEDTAG	Manifest Parse Error: The following tags were not closed: %1.
000036E5	ERROR_SXS_XML_E_DUPLICATEATTRIBUTE	Manifest Parse Error: Duplicate attribute.
000036E6	ERROR_SXS_XML_E_MULTIPLEROOTS	Manifest Parse Error: Only one top-level element is allowed in an XML document.
000036E7	ERROR_SXS_XML_E_INVALIDATROOTLEVEL	Manifest Parse Error: Invalid at the top level of the document.
000036E8	ERROR_SXS_XML_E_BADXMLDECL	Manifest Parse Error: Invalid XML declaration.
000036E9	ERROR_SXS_XML_E_MISSINGROOT	Manifest Parse Error: XML document must have a top-level element.
000036EA	ERROR_SXS_XML_E_UNEXPECTEDEOF	Manifest Parse Error: Unexpected end of file.
000036EB	ERROR_SXS_XML_E_BADPEREFINSUBSET	Manifest Parse Error: Parameter entities cannot be used inside markup declarations in an internal subset.
000036EC	ERROR_SXS_XML_E_UNCLOSEDSTARTTAG	Manifest Parse Error: Element was not closed.
000036ED	ERROR_SXS_XML_E_UNCLOSEDENDTAG	Manifest Parse Error: End element was missing the angle bracket (>) character.
000036EE	ERROR_SXS_XML_E_UNCLOSEDSTRING	Manifest Parse Error: A string literal was not closed.
000036EF	ERROR_SXS_XML_E_UNCLOSEDCOMMENT	Manifest Parse Error: A comment was not closed.
000036F0	ERROR_SXS_XML_E_UNCLOSEDDECL	Manifest Parse Error: A declaration was not closed.
000036F1	ERROR_SXS_XML_E_UNCLOSEDCDATA	Manifest Parse Error: A CDATA section was not closed.
000036F2	ERROR_SXS_XML_E_RESERVEDNAMESPACE	Manifest Parse Error: The namespace prefix is not allowed to start with the reserved string xml"."
000036F3	ERROR_SXS_XML_E_INVALIDENCODING	Manifest Parse Error: System does not support the specified encoding.
000036F4	ERROR_SXS_XML_E_INVALIDSWITCH	Manifest Parse Error: Switch from current encoding to specified encoding not supported.
000036F5	ERROR_SXS_XML_E_BADXMLCASE	Manifest Parse Error: The name "xml" is reserved and must be lowercase.
000036F6	ERROR_SXS_XML_E_INVALID_STANDALONE	Manifest Parse Error: The stand-alone attribute must have the value "yes" or "no".
000036F7	ERROR_SXS_XML_E_UNEXPECTED_STANDALONE	Manifest Parse Error: The stand-alone attribute cannot be used in external entities.
000036F8	ERROR_SXS_XML_E_INVALID_VERSION	Manifest Parse Error: Invalid version number.
000036F9	ERROR_SXS_XML_E_MISSINGEQUALS	Manifest Parse Error: Missing equal sign (=) between the attribute and the attribute value.
000036FA	ERROR_SXS_PROTECTION_RECOVERY_FAILED	Assembly Protection Error: Unable to recover the specified assembly.
000036FB	ERROR_SXS_PROTECTION_PUBLIC_KEY_OO_SHORT	Assembly Protection Error: The public key for an assembly was too short to be allowed.
000036FC	ERROR_SXS_PROTECTION_CATALOG_NOT_VALID	Assembly Protection Error: The catalog for an assembly is not valid, or does not match the assembly's manifest.
000036FD	ERROR_SXS_UNTRANSLATABLE_HRESULT	An HRESULT could not be translated to a corresponding Win32 error code.
000036FE	ERROR_SXS_PROTECTION_CATALOG_FILE_MISSING	Assembly Protection Error: The catalog for an assembly is missing.
000036FF	ERROR_SXS_MISSING_ASSEMBLY_IDENTITY_ATTRIBUTE	The supplied assembly identity is missing one or more attributes that must be present in this context.
00003700	ERROR_SXS_INVALID_ASSEMBLY_IDENTITY_ATTRIBUTE_NAME	The supplied assembly identity has one or more attribute names that contain characters not permitted in XML names.
00003701	ERROR_SXS_ASSEMBLY_MISSING	The referenced assembly could not be found.
00003702	ERROR_SXS_CORRUPT_ACTIVATION_STACK	The activation context activation stack for the running thread of execution is corrupt.
00003703	ERROR_SXS_CORRUPTION	The application isolation metadata for this process or thread has become corrupt.
00003704	ERROR_SXS_EARLY_DEACTIVATION	The activation context being deactivated is not the most recently activated one.
00003705	ERROR_SXS_INVALID_DEACTIVATION	The activation context being deactivated is not active for the current thread of execution.
00003706	ERROR_SXS_MULTIPLE_DEACTIVATION	The activation context being deactivated has already been deactivated.
00003707	ERROR_SXS_PROCESS_TERMINATION_REQUESTED	A component used by the isolation facility has requested to terminate the process.
00003708	ERROR_SXS_RELEASE_ACTIVATION_ONTEXT	A kernel mode component is releasing a reference on an activation context.
00003709	ERROR_SXS_SYSTEM_DEFAULT_ACTIVATION_CONTEXT_EMPTY	The activation context of the system default assembly could not be generated.
0000370A	ERROR_SXS_INVALID_IDENTITY_ATTRIBUTE_VALUE	The value of an attribute in an identity is not within the legal range.
0000370B	ERROR_SXS_INVALID_IDENTITY_ATTRIBUTE_NAME	The name of an attribute in an identity is not within the legal range.
0000370C	ERROR_SXS_IDENTITY_DUPLICATE_ATTRIBUTE	An identity contains two definitions for the same attribute.
0000370D	ERROR_SXS_IDENTITY_PARSE_ERROR	The identity string is malformed. This might be due to a trailing comma, more than two unnamed attributes, a missing attribute name, or a missing attribute value.
0000370E	ERROR_MALFORMED_SUBSTITUTION_STRING	A string containing localized substitutable content was malformed. Either a dollar sign ($) was followed by something other than a left parenthesis or another dollar sign, or a substitution's right parenthesis was not found.
0000370F	ERROR_SXS_INCORRECT_PUBLIC_KEY_OKEN	The public key token does not correspond to the public key specified.
00003710	ERROR_UNMAPPED_SUBSTITUTION_STRING	A substitution string had no mapping.
00003711	ERROR_SXS_ASSEMBLY_NOT_LOCKED	The component must be locked before making the request.
00003712	ERROR_SXS_COMPONENT_STORE_CORRUPT	The component store has been corrupted.
00003713	ERROR_ADVANCED_INSTALLER_FAILED	An advanced installer failed during setup or servicing.
00003714	ERROR_XML_ENCODING_MISMATCH	The character encoding in the XML declaration did not match the encoding used in the document.
00003715	ERROR_SXS_MANIFEST_IDENTITY_SAME_BUT_CONTENTS_DIFFERENT	The identities of the manifests are identical, but the contents are different.
00003716	ERROR_SXS_IDENTITIES_DIFFERENT	The component identities are different.
00003717	ERROR_SXS_ASSEMBLY_IS_NOT_A_DEPLOYMENT	The assembly is not a deployment.
00003718	ERROR_SXS_FILE_NOT_PART_OF_ASSEMBLY	The file is not a part of the assembly.
00003719	ERROR_SXS_MANIFEST_TOO_BIG	The size of the manifest exceeds the maximum allowed.
0000371A	ERROR_SXS_SETTING_NOT_REGISTERED	The setting is not registered.
0000371B	ERROR_SXS_TRANSACTION_CLOSURE_INCOMPLETE	One or more required members of the transaction are not present.
00003A98	ERROR_EVT_INVALID_CHANNEL_PATH	The specified channel path is invalid.
00003A99	ERROR_EVT_INVALID_QUERY	The specified query is invalid.
00003A9A	ERROR_EVT_PUBLISHER_METADATA_NOT_FOUND	The publisher metadata cannot be found in the resource.
00003A9B	ERROR_EVT_EVENT_TEMPLATE_NOT_FOUND	The template for an event definition cannot be found in the resource (error = %1).
00003A9C	ERROR_EVT_INVALID_PUBLISHER_NAME	The specified publisher name is invalid.
00003A9D	ERROR_EVT_INVALID_EVENT_DATA	The event data raised by the publisher is not compatible with the event template definition in the publisher's manifest.
00003A9F	ERROR_EVT_CHANNEL_NOT_FOUND	The specified channel could not be found. Check channel configuration.
00003AA0	ERROR_EVT_MALFORMED_XML_TEXT	The specified XML text was not well-formed. See extended error for more details.
00003AA1	ERROR_EVT_SUBSCRIPTION_TO_DIRECT_CHANNEL	The caller is trying to subscribe to a direct channel which is not allowed. The events for a direct channel go directly to a log file and cannot be subscribed to.
00003AA2	ERROR_EVT_CONFIGURATION_ERROR	Configuration error.
00003AA3	ERROR_EVT_QUERY_RESULT_STALE	The query result is stale or invalid. This might be due to the log being cleared or rolling over after the query result was created. Users should handle this code by releasing the query result object and reissuing the query.
00003AA4	ERROR_EVT_QUERY_RESULT_INVALID_POSITION	Query result is currently at an invalid position.
00003AA5	ERROR_EVT_NON_VALIDATING_MSXML	Registered Microsoft XML (MSXML) does not support validation.
00003AA6	ERROR_EVT_FILTER_ALREADYSCOPED	An expression can only be followed by a change-of-scope operation if it itself evaluates to a node set and is not already part of some other change-of-scope operation.
00003AA7	ERROR_EVT_FILTER_NOTELTSET	Cannot perform a step operation from a term that does not represent an element set.
00003AA8	ERROR_EVT_FILTER_INVARG	Left side arguments to binary operators must be either attributes, nodes, or variables and right side arguments must be constants.
00003AA9	ERROR_EVT_FILTER_INVTEST	A step operation must involve either a node test or, in the case of a predicate, an algebraic expression against which to test each node in the node set identified by the preceding node set can be evaluated.
00003AAA	ERROR_EVT_FILTER_INVTYPE	This data type is currently unsupported.
00003AAB	ERROR_EVT_FILTER_PARSEERR	A syntax error occurred at position %1!d!
00003AAC	ERROR_EVT_FILTER_UNSUPPORTEDOP	This operator is unsupported by this implementation of the filter.
00003AAD	ERROR_EVT_FILTER_UNEXPECTEDTOKEN	The token encountered was unexpected.
00003AAE	ERROR_EVT_INVALID_OPERATION_OVER_ENABLED_DIRECT_CHANNEL	The requested operation cannot be performed over an enabled direct channel. The channel must first be disabled before performing the requested operation.
00003AAF	ERROR_EVT_INVALID_CHANNEL_PROPERTY_VALUE	Channel property %1!s! contains an invalid value. The value has an invalid type, is outside the valid range, cannot be updated, or is not supported by this type of channel.
00003AB0	ERROR_EVT_INVALID_PUBLISHER_PROPERTY_VALUE	Publisher property %1!s! contains an invalid value. The value has an invalid type, is outside the valid range, cannot be updated, or is not supported by this type of publisher.
00003AB1	ERROR_EVT_CHANNEL_CANNOT_ACTIVATE	The channel fails to activate.
00003AB2	ERROR_EVT_FILTER_TOO_COMPLEX	The xpath expression exceeded supported complexity. Simplify it or split it into two or more simple expressions.
00003AB3	ERROR_EVT_MESSAGE_NOT_FOUND	The message resource is present but the message is not found in the string or message table.
00003AB4	ERROR_EVT_MESSAGE_ID_NOT_FOUND	The message ID for the desired message could not be found.
00003AB5	ERROR_EVT_UNRESOLVED_VALUE_INSERT	The substitution string for the insert index (%1) could not be found.
00003AB6	ERROR_EVT_UNRESOLVED_PARAMETER_INSERT	The description string for the parameter reference (%1) could not be found.
00003AB7	ERROR_EVT_MAX_INSERTS_REACHED	The maximum number of replacements has been reached.
00003AB8	ERROR_EVT_EVENT_DEFINITION_NOT_OUND	The event definition could not be found for the event ID (%1).
00003AB9	ERROR_EVT_MESSAGE_LOCALE_NOT_FOUND	The locale-specific resource for the desired message is not present.
00003ABA	ERROR_EVT_VERSION_TOO_OLD	The resource is too old to be compatible.
00003ABB	ERROR_EVT_VERSION_TOO_NEW	The resource is too new to be compatible.
00003ABC	ERROR_EVT_CANNOT_OPEN_CHANNEL_OF_QUERY	The channel at index %1 of the query cannot be opened.
00003ABD	ERROR_EVT_PUBLISHER_DISABLED	The publisher has been disabled and its resource is not available. This usually occurs when the publisher is in the process of being uninstalled or upgraded.
00003AE8	ERROR_EC_SUBSCRIPTION_CANNOT_ACTIVATE	The subscription fails to activate.
00003AE9	ERROR_EC_LOG_DISABLED	The log of the subscription is in a disabled state and events cannot be forwarded to it. The log must first be enabled before the subscription can be activated.
00003AFC	ERROR_MUI_FILE_NOT_FOUND	The resource loader failed to find the Multilingual User Interface (MUI) file.
00003AFD	ERROR_MUI_INVALID_FILE	The resource loader failed to load the MUI file because the file failed to pass validation.
00003AFE	ERROR_MUI_INVALID_RC_CONFIG	The release candidate (RC) manifest is corrupted with garbage data, is an unsupported version, or is missing a required item.
00003AFF	ERROR_MUI_INVALID_LOCALE_NAME	The RC manifest has an invalid culture name.
00003B00	ERROR_MUI_INVALID_ULTIMATEFALLBACK_NAME	The RC Manifest has an invalid ultimate fallback name.
00003B01	ERROR_MUI_FILE_NOT_LOADED	The resource loader cache does not have a loaded MUI entry.
00003B02	ERROR_RESOURCE_ENUM_USER_STOP	The user stopped resource enumeration.
00003B03	ERROR_MUI_INTLSETTINGS_UILANG_NOT_INSTALLED	User interface language installation failed.
00003B04	ERROR_MUI_INTLSETTINGS_INVALID_LOCALE_NAME	Locale installation failed.
00003B60	ERROR_MCA_INVALID_CAPABILITIES_STRING	The monitor returned a DDC/CI capabilities string that did not comply with the ACCESS.bus 3.0, DDC/CI 1.1, or MCCS 2 Revision 1 specification.
00003B61	ERROR_MCA_INVALID_VCP_VERSION	The monitor's VCP version (0xDF) VCP code returned an invalid version value.
00003B62	ERROR_MCA_MONITOR_VIOLATES_MCCS_SPECIFICATION	The monitor does not comply with the MCCS specification it claims to support.
00003B63	ERROR_MCA_MCCS_VERSION_MISMATCH	The MCCS version in a monitor's mccs_ver capability does not match the MCCS version the monitor reports when the VCP version (0xDF) VCP code is used.
00003B64	ERROR_MCA_UNSUPPORTED_MCCS_VERSION	The monitor configuration API works only with monitors that support the MCCS 1.0, MCCS 2.0, or MCCS 2.0 Revision 1 specifications.
00003B65	ERROR_MCA_INTERNAL_ERROR	An internal monitor configuration API error occurred.
00003B66	ERROR_MCA_INVALID_TECHNOLOGY_TYPE_RETURNED	The monitor returned an invalid monitor technology type. CRT, plasma, and LCD (TFT) are examples of monitor technology types. This error implies that the monitor violated the MCCS 2.0 or MCCS 2.0 Revision 1 specification.
00003B67	ERROR_MCA_UNSUPPORTED_COLOR_TEMPERATURE	The SetMonitorColorTemperature() caller passed a color temperature to it that the current monitor did not support. CRT, plasma, and LCD (TFT) are examples of monitor technology types. This error implies that the monitor violated the MCCS 2.0 or MCCS 2.0 Revision 1 specification.
00003B92	ERROR_AMBIGUOUS_SYSTEM_DEVICE	The requested system device cannot be identified due to multiple indistinguishable devices potentially matching the identification criteria.
00003BC3	ERROR_SYSTEM_DEVICE_NOT_FOUND	The requested system device cannot be found.
